obsid,mjd_mid,tspan_s,n_ph,f0,sigma_f,h_stat,z2_1,detected
0020180105,57945.65611835,0.0,64017,11.186163469,1.869e-06,30.1,11.4,True
0020180106,57946.51116356,66329.7,59455,11.186163779,1.104e-06,21.8,18.1,True
0020180107,57947.28534207,0.0,97289,11.186158606,1.199e-06,44.7,31.6,True
0020180102,57941.49092410,0.0,312515,11.186169756,5.254e-07,104.7,60.6,True
1020180101,57953.99726731,188.0,8507,,,10.0,5.4,False
0020180108,57948.31727204,22792.2,55092,,,9.8,9.8,False
0020180104,57943.31821756,0.0,390049,11.186167009,7.457e-07,137.9,65.2,True
0020180103,57942.43455727,0.0,456460,11.186167500,6.459e-07,83.1,44.0,True
1020180102,57954.69273942,68324.0,40223,11.186153536,2.172e-06,26.8,5.3,True
1020180103,57955.34950046,68018.1,70258,,,6.4,4.0,False
1020180105,57957.39200935,0.0,225165,11.186147028,7.776e-07,54.6,30.3,True
1020180104,57956.34252296,0.0,301045,11.186150354,6.548e-07,106.2,43.7,True
1020180111,57964.03583858,97.9,4674,,,2.1,2.1,False
1020180112,57968.73095563,254.0,11807,,,8.1,8.1,False
1020180113,57969.41368606,39356.3,30521,,,8.0,6.1,False
1020180108,57960.39216112,0.0,46849,11.186214175,7.212e-07,27.8,20.9,True
1020180109,57962.31111615,0.0,59046,11.186062707,1.105e-06,27.6,27.6,True
1020180114,57970.56048289,66860.9,24085,,,7.9,7.9,False
1020180106,57958.70057933,0.0,66096,11.186144631,9.715e-07,30.5,17.5,True
1020180115,57971.64303822,61352.0,42181,,,5.1,5.1,False
1020180107,57959.41644739,0.0,103736,11.186144062,2.310e-06,34.1,21.2,True
1020180110,57963.73309434,0.0,118851,11.186140540,9.448e-07,34.5,12.2,True
1020180116,57972.48642635,82814.8,111108,,,12.7,11.5,False
1020180122,57978.40151040,50419.4,20603,,,5.4,5.4,False
1020180123,57979.68075207,151.9,7720,,,6.6,6.6,False
1020180124,,,,,,,,False
1020180125,,,,,,,,False
1020180121,57977.49082989,0.0,132109,11.186123596,8.938e-07,46.2,38.8,True
1020180118,57974.29385489,0.0,202543,11.186126425,7.107e-07,89.1,48.4,True
1020180120,57976.59156029,0.0,165599,11.186125152,1.454e-06,28.9,18.6,True
1020180126,58042.44860954,0.0,74823,11.186041612,8.597e-06,57.3,21.9,True
1020180128,58049.51258177,11440.4,24077,11.186022701,7.181e-06,22.4,8.5,True
1020180117,57973.52190345,0.0,244919,11.186125579,6.401e-07,82.0,51.6,True
1020180119,57975.66266401,0.0,238948,11.186122944,8.752e-07,142.0,56.3,True
1020180133,58075.34077683,83.0,3876,,,2.9,0.2,False
1020180134,58076.88503575,83.0,3636,,,0.4,0.4,False
1020180135,58077.70977736,190.0,8186,,,4.2,4.2,False
1020180127,58046.69483902,0.0,84150,11.186021193,3.072e-06,32.4,32.4,True
1020180136,58097.58245253,11311.5,16562,,,2.2,2.2,False
1020180130,58051.44872618,0.0,94256,11.186095052,1.001e-06,26.9,25.8,True
1020180129,58050.80424989,0.0,93510,11.186021899,7.711e-07,76.2,28.0,True
1020180137,58098.66451400,39162.9,37806,,,12.0,12.0,False
1020180140,58101.89509246,393.0,17258,,,12.6,6.1,False
1020180132,58053.35938579,61637.6,76940,,,14.0,6.3,False
1020180139,58100.52454381,44970.1,24875,,,11.3,11.3,False
1020180144,58105.37104237,196.0,8453,,,3.0,2.8,False
1020180138,58099.65981815,60064.7,47903,11.186021885,1.214e-06,17.0,17.0,True
1020180142,58103.44275705,76647.5,18228,,,4.2,3.2,False
1020180143,58104.57914145,5865.2,27962,,,2.1,2.1,False
1020180131,58052.76423291,0.0,124429,11.186017301,1.271e-06,79.2,36.2,True
1020180141,58102.79303469,37774.7,43857,,,8.1,8.1,False
1020180146,58107.40332424,28064.2,32428,11.186023967,3.080e-06,15.7,15.7,True
1020180147,58108.81343467,11540.5,31841,,,10.6,5.6,False
1020180149,58112.76716859,431.0,18466,,,3.7,3.7,False
1020180145,58106.61839658,65617.9,44715,,,8.4,7.0,False
1020180150,58115.34991793,16549.7,20511,,,11.0,11.0,False
1020180148,58109.33055445,39280.7,36437,,,11.8,7.4,False
1020180151,58116.56315925,39499.6,27629,,,8.3,8.3,False
1020180152,58117.61244417,39415.5,36887,11.185932621,2.865e-06,20.0,8.9,True
1020180155,58120.45384067,0.0,75839,11.185927875,8.612e-07,44.9,30.7,True
1020180153,58118.42945585,0.0,87774,11.185931655,1.578e-06,39.8,24.7,True
1020180160,58127.18788055,122.0,5357,,,6.2,4.3,False
1020180157,58122.48223281,61265.3,67099,11.185925122,1.119e-06,22.7,11.4,True
1020180158,58123.42213115,0.0,66242,11.185862791,2.954e-06,37.3,20.9,True
1020180161,58165.22170557,554.0,24105,,,15.1,9.3,False
1020180159,58126.19703633,6104.2,34152,,,11.4,11.4,False
1020180163,58167.27171748,5895.0,17357,,,11.3,8.8,False
1020180156,58121.46631452,0.0,110542,11.185926753,8.650e-07,55.0,25.8,True
1020180162,58166.23961957,0.0,63700,11.185860599,6.718e-06,30.7,24.3,True
1020180164,58168.27474002,0.0,70180,11.185864621,8.307e-06,32.1,25.4,True
1020180165,58169.25224981,0.0,82759,11.185863370,9.295e-06,64.7,20.8,True
1020180154,58119.53553765,0.0,212896,11.185928433,1.321e-06,39.9,17.7,True
1020180171,58177.70745705,140.0,6144,,,2.7,2.7,False
1020180172,,,,,,,,False
1020180173,,,,,,,,False
1020180174,58184.32902054,78.0,13906,,,185.7,68.7,False
1020180175,58185.87280507,0.0,24680,11.185775048,6.556e-06,74.1,5.1,True
1020180176,,,,,,,,False
1020180166,58170.24640520,0.0,112504,11.185867744,5.127e-06,38.9,18.3,True
1020180167,58173.35038226,0.0,117554,11.185858002,1.154e-06,53.9,29.6,True
1020180178,58188.27037614,436.9,18764,,,19.3,11.1,False
1020180170,58176.61777874,0.0,72888,11.185852739,9.911e-07,77.1,28.5,True
1020180181,58191.94165582,100.9,4359,,,10.2,10.2,False
1020180179,58189.49540720,1001.9,43799,,,16.0,8.5,False
1020180183,58193.30997767,55903.0,19612,11.185809553,8.812e-07,23.0,21.1,True
1020180184,,,,,,,,False
1020180177,58187.57519340,0.0,89267,11.185842363,1.577e-06,25.2,25.2,True
1020180168,58174.32310836,0.0,165864,11.185855308,7.057e-07,62.9,40.5,True
1020180187,,,,,,,,False
1020180180,58190.29780048,0.0,77890,11.185791416,8.712e-07,28.6,28.6,True
1020180186,58203.05357470,335.9,14859,,,11.6,4.3,False
1020180188,58230.82252019,44540.5,370,,,2.9,2.9,False
1020180189,,,,,,,,False
1020180190,58232.16950389,270.0,11799,,,0.3,0.3,False
1020180191,,,,,,,,False
1020180193,,,,,,,,False
1020180192,58235.58953994,72043.8,713,-0.000000177,9.888e-08,11335.3,1425.8,True
1020180194,58240.35423586,50383.8,1168,-0.000000033,1.734e-07,18606.0,2335.7,True
1020180196,,,,,,,,False
1020180195,,,,,,,,False
1020180197,58246.34646287,50085.0,864,0.000000060,2.548e-07,13772.7,1727.9,True
1020180199,58270.90088474,222.9,9907,,,0.9,0.9,False
1020180201,58271.02951718,210.9,9427,,,8.9,8.9,False
1020180203,,,,,,,,False
1020180204,,,,,,,,False
1020180205,,,,,,,,False
1020180206,,,,,,,,False
1020180207,58284.30798880,98.0,4260,,,0.1,0.1,False
1020180208,,,,,,,,False
1020180185,58202.18471163,6100.8,48400,11.185807080,1.178e-05,19.7,11.6,True
1020180210,58290.28796902,5620.0,1291,,,7.0,6.7,False
1020180211,58299.86648364,11131.0,1949,,,9.9,1.7,False
1020180212,58301.40381618,201.9,9272,,,1.7,1.7,False
1020180213,,,,,,,,False
1020180209,58289.78008495,589.9,25896,,,4.5,4.5,False
1020180182,58192.33807233,0.0,120493,11.185829571,1.369e-06,43.2,22.9,True
1020180169,58175.32831599,0.0,204304,11.185853530,9.051e-07,100.9,41.3,True
1020180214,58304.23677869,744.9,35085,,,37.2,16.5,False
1020180202,58272.78191721,34058.3,72668,11.185697311,1.578e-06,24.6,19.4,True
1020180198,58253.43523160,0.0,102689,11.185748615,1.121e-06,53.5,36.0,True
1020180217,58307.49069724,39638.6,66440,11.185677111,2.566e-06,23.7,7.1,True
1020180221,58314.77686529,18468.3,9010,,,1.6,1.6,False
1020180216,58306.51173874,0.0,87897,11.185618665,1.253e-06,27.5,17.3,True
1020180218,58310.35638297,0.0,97760,11.185673028,9.956e-07,43.0,18.2,True
1020180220,58313.43009922,67468.8,82658,11.185638058,1.016e-06,17.6,14.9,True
1020180225,,,,,,,,False
1020180219,58312.88995551,0.0,127765,11.185673399,3.229e-06,37.8,28.8,True
1020180224,58317.80613336,28418.2,54444,,,7.8,7.8,False
1020180223,58316.59022480,0.0,103302,11.185640868,1.369e-06,29.4,17.1,True
1020180222,58315.63179630,56302.1,112727,11.185668661,1.016e-06,21.3,21.3,True
1020180227,58320.42418857,72532.0,54451,11.185643010,1.443e-06,22.8,9.8,True
1020180215,58305.53981444,0.0,244190,11.185679272,7.495e-07,124.5,54.0,True
1020180226,58319.16188314,0.0,97969,11.185653642,1.762e-06,49.1,49.1,True
1020180228,58321.63290700,0.0,205751,11.185656404,7.270e-07,70.3,46.1,True
1020180231,58326.43440305,78448.1,174672,,,7.0,7.0,False
1020180232,58327.72547860,0.0,179566,11.185649073,1.336e-06,47.1,25.1,True
1020180233,58328.59798986,0.0,208116,11.185647092,1.298e-06,41.7,18.1,True
1020180234,58329.07489498,11479.8,77600,11.185631773,6.318e-06,15.9,15.9,True
1020180235,58330.69462025,22419.5,68175,11.185639097,4.566e-06,16.7,14.4,True
1020180230,58325.50973251,0.0,249240,11.185651818,6.899e-07,65.8,42.9,True
1020180236,58333.08046181,33349.4,58479,,,3.1,1.1,False
1020180237,58334.86295501,723.0,38684,,,6.3,6.3,False
1020180238,58335.25098402,325.0,30482,,,2.5,2.5,False
1020180229,58322.39856379,0.0,332470,11.185655840,5.656e-07,110.8,56.6,True
1020180239,58336.09993666,28894.5,45184,,,12.1,9.1,False
1020180240,58337.16778069,34087.5,176614,,,11.3,11.3,False
1020180241,58338.59369251,0.0,173511,11.185631799,3.009e-06,29.0,26.0,True
1020180247,,,,,,,,False
1020180248,,,,,,,,False
1020180242,58339.80557628,39791.5,187880,11.185627765,5.169e-06,15.5,5.1,True
1020180249,58362.45790269,55577.3,35726,,,4.4,3.1,False
1020180246,58343.16391700,61426.3,50116,,,2.4,2.4,False
1020180250,58364.87807430,302.0,40210,,,1.0,1.0,False
1020180252,58385.95170176,6039.1,80202,,,21.7,21.7,False
1020180251,58368.59161879,6068.0,144278,,,3.8,3.8,False
1020180255,,,,,,,,False
1020180244,58341.35429474,0.0,456345,11.185627517,9.080e-07,34.4,29.9,True
1020180245,58342.47735473,0.0,426101,11.185630418,7.542e-07,44.1,36.6,True
1020180243,58340.58896700,0.0,667897,11.185631723,8.021e-07,45.2,23.5,True
1020180254,58388.55922828,17206.4,146930,,,12.9,12.9,False
1020180258,58392.25440145,39484.1,106060,,,13.3,13.3,False
1020180253,58386.38255195,0.0,298962,11.185569486,9.768e-07,48.8,32.9,True
1020180261,58395.36984608,56060.7,72216,,,11.2,11.2,False
1020180256,58390.73247489,0.0,216037,11.185566706,2.337e-06,27.0,20.5,True
1020180263,58403.68477762,39229.3,42628,,,11.3,7.3,False
1020180259,58393.64490799,72458.1,156611,11.185562197,1.109e-06,16.7,16.7,True
1020180257,58391.68300511,55797.5,278601,11.185562213,1.636e-06,24.2,18.3,True
1020180262,58402.67339684,0.0,131686,11.185546941,1.276e-06,57.2,23.6,True
1020180267,58417.39794550,1068.0,40782,,,13.0,3.2,False
1020180266,58415.23731336,0.0,57514,11.185524965,1.153e-05,30.9,11.5,True
1020180264,58411.56856084,0.0,99360,11.185568502,7.599e-06,28.8,28.8,True
1020180270,,,,,,,,False
1020180269,58424.55465575,5760.3,18625,,,5.1,5.1,False
1020180265,58414.54801111,12355.5,83433,11.185524459,3.576e-06,31.0,30.3,True
1020180271,58432.51568367,22429.0,29859,11.185510638,7.399e-06,24.6,3.9,True
1020180260,58394.57342824,0.0,287374,11.185560449,1.273e-06,42.0,15.0,True
1020180276,,,,,,,,False
1020180272,58433.70805889,0.0,64815,11.185508138,5.973e-06,32.1,16.8,True
1020180278,58457.94551932,5893.8,324,,,1.5,1.5,False
1020180279,58458.45965911,72503.4,3101,,,5.9,5.9,False
1020180280,58459.66188791,77901.4,954,,,6.5,5.0,False
1020180268,58422.46258869,0.0,103789,11.185523804,3.013e-06,43.8,23.3,True
1020180273,58434.40452669,0.0,92593,11.185506074,1.379e-06,42.9,19.0,True
1020180275,58436.20778313,0.0,145493,11.185504766,1.201e-06,66.8,33.0,True
1020180277,58438.36943588,0.0,159045,11.185500119,1.428e-06,81.0,36.5,True
1020180274,58435.34126289,0.0,230444,11.185503618,1.068e-06,145.1,28.5,True
1020180281,58460.51824251,0.0,199304,11.185471278,5.864e-07,122.4,54.1,True
1020180283,58462.38876012,0.0,160389,11.185468580,7.522e-07,68.8,43.6,True
1020180284,58463.44992623,0.0,127098,11.185466152,1.083e-06,64.5,42.9,True
1020180287,58467.07368165,28473.3,34742,,,12.0,9.9,False
1020180282,58461.61032185,0.0,248985,11.185468893,5.272e-07,132.7,75.0,True
1020180290,58475.04978813,6267.2,59560,11.185441149,1.011e-05,16.8,16.8,True
1020180289,58474.89574950,0.0,67522,11.185455778,4.069e-06,35.6,19.7,True
1020180291,58479.15779999,6140.3,42162,11.185429429,1.001e-05,18.4,18.4,True
1020180293,58481.26042311,312.0,13453,,,12.9,12.9,False
1020180292,58480.12397763,5977.2,29814,11.185466072,9.565e-06,17.0,17.0,True
1020180294,58482.14394381,590.0,22177,,,14.7,5.3,False
1020180295,58483.36991257,709.0,30543,,,8.3,7.0,False
1020180285,58464.23550655,0.0,212728,11.185464846,7.369e-07,125.6,59.5,True
1020180288,58470.78171910,12099.5,226157,11.185456029,9.160e-06,15.2,8.7,True
1020180301,,,,,,,,False
1020180299,58492.35405505,34081.1,59439,,,14.7,14.2,False
1020180286,58466.74905916,0.0,241104,11.185463180,8.646e-07,146.3,75.0,True
1020180297,58489.75623315,0.0,113955,11.185457537,1.233e-06,31.4,25.3,True
1020180296,58488.76302427,0.0,154802,11.185433730,1.985e-06,92.5,41.6,True
1020180306,58522.07404881,217.0,9306,,,3.0,3.0,False
1020180302,58518.93801950,921.0,121704,,,18.0,12.2,False
1020180304,58520.57747652,0.0,146277,11.185416541,7.121e-07,88.5,64.5,True
1020180298,58490.26834074,0.0,247165,11.185427837,8.667e-07,132.4,89.5,True
1020180310,58533.72360640,93.0,3965,,,0.3,0.3,False
1020180307,58527.71833058,17176.1,137690,,,6.5,6.5,False
1020180305,58521.49365469,0.0,160717,11.185415810,9.564e-07,61.7,29.4,True
1020180313,58538.93815062,94.0,4066,,,4.0,2.1,False
1020180312,58537.25114157,0.0,37492,11.185380412,9.726e-06,34.2,18.0,True
1020180308,58528.51651739,0.0,167010,11.185400411,2.439e-06,69.8,42.7,True
1020180311,58535.34279841,39164.0,68242,11.185389208,2.720e-06,16.2,15.9,True
1020180303,58519.38460576,0.0,278383,11.185419836,8.059e-07,103.4,57.3,True
1020180309,58531.61302834,0.0,111806,11.185397937,3.797e-06,39.3,23.2,True
1020180315,58540.72742517,33811.9,46319,11.185388133,1.461e-06,22.7,22.7,True
2020180302,58545.06057604,398.9,17170,,,1.7,1.7,False
2020180303,58547.63730212,22254.7,12012,,,4.7,3.6,False
2020180304,58548.18184616,44645.6,9334,,,6.6,6.6,False
2020180305,58549.63523282,288.8,10983,,,9.8,4.8,False
1020180314,58539.21632490,0.0,123681,11.185387932,1.693e-06,73.1,38.4,True
2020180306,58550.30615157,5863.9,19234,,,11.0,9.2,False
2020180307,58553.25159413,1115.8,47649,,,5.1,5.1,False
2020180308,58556.78711261,5666.9,53081,,,23.8,10.6,False
2020180309,58562.54151770,0.0,60944,11.185361827,5.246e-06,76.9,45.2,True
1020180317,58542.55858565,0.0,173439,11.185387092,6.613e-07,93.3,37.7,True
2020180301,58544.50503232,0.0,171607,11.185385232,5.508e-07,133.0,55.9,True
2020180311,58583.98176058,930.0,39857,,,6.7,6.7,False
2020180314,58587.00691251,590.0,21012,,,5.7,5.5,False
1020180316,58541.47932253,0.0,295957,11.185388885,1.859e-06,83.6,31.9,True
2020180313,58586.90477878,6204.6,70470,11.185342515,1.573e-05,16.7,7.3,True
2020180317,58602.60451327,709.9,31069,,,6.3,5.3,False
2020180316,58592.06101975,6151.7,51183,,,10.5,10.5,False
2020180319,58610.26038028,246.9,618,,,1.7,1.7,False
1020180318,58543.50679738,0.0,366593,11.185386182,6.182e-07,130.5,56.5,True
2020180321,,,,,,,,False
2020180312,58584.21727041,0.0,123319,11.185328988,2.014e-06,66.1,35.8,True
2020180315,58591.86843324,0.0,75645,11.185326275,2.985e-06,45.6,33.7,True
2020180310,58575.81950695,0.0,206616,11.185341370,1.799e-06,121.9,67.3,True
2020180318,58609.54913492,0.0,59848,11.185291541,5.761e-06,30.9,15.1,True
2020180320,58612.64117748,0.0,63770,11.185294332,2.268e-06,36.1,17.0,True
2020180322,58626.26682102,0.0,59665,11.185271388,1.009e-06,32.4,30.8,True
2020180324,58628.20020764,46494.7,56588,,,14.9,7.2,False
2020180329,58663.88949222,720.0,32516,,,9.3,6.6,False
2020180327,58632.12214412,0.0,81348,11.185267409,3.409e-06,49.8,24.7,True
2020180323,58627.49597333,0.0,123592,11.185289689,6.976e-07,55.8,46.4,True
2020180331,58665.27124240,12092.5,61323,,,14.0,6.3,False
2020180328,58634.82504698,0.0,170501,11.185261144,2.682e-06,87.1,37.9,True
2020180325,58629.85461299,0.0,218810,11.185267811,1.789e-06,114.6,40.5,True
2020180330,58664.40283315,0.0,167960,11.185226815,8.374e-07,69.3,51.7,True
2020180326,58630.53220158,0.0,444755,11.185270234,8.654e-07,111.9,68.3,True
2020180332,58666.35179568,0.0,286991,11.185221788,6.558e-07,110.1,57.8,True
2020180333,58667.50180016,0.0,224437,11.185219783,5.478e-07,102.4,72.4,True
2020180334,58668.59879183,0.0,293626,11.185218173,6.826e-07,142.3,56.7,True
2020180335,58669.50282417,0.0,407573,11.185216633,6.979e-07,136.8,44.2,True
2020180338,58673.79961131,0.0,199485,11.185212048,1.720e-06,98.5,46.8,True
2020180336,58670.48355267,0.0,487003,11.185215599,5.194e-07,121.6,66.6,True
2020180342,58677.81564416,618.0,31175,,,1.0,1.0,False
2020180343,58680.41165527,449.9,20743,,,13.7,12.7,False
2020180345,58687.22068141,67251.0,822,,,5.1,2.3,False
2020180346,,,,,,,,False
2020180347,,,,,,,,False
2020180348,,,,,,,,False
2020180349,,,,,,,,False
2020180350,,,,,,,,False
2020180351,,,,,,,,False
2020180352,,,,,,,,False
2020180353,,,,,,,,False
2020180344,58686.75033257,50325.6,13558,,,6.8,6.8,False
2020180340,58675.46890478,0.0,135741,11.185139006,9.187e-07,26.7,26.7,True
2020180356,58700.12246001,11192.8,8751,0.000000004,1.529e-07,139988.0,17502.0,True
2020180357,,,,,,,,False
2020180355,58699.22372141,11196.8,14311,-0.000000001,1.446e-07,228945.1,28622.0,True
2020180358,,,,,,,,False
2020180359,,,,,,,,False
2020180360,,,,,,,,False
2020180361,,,,,,,,False
2020180362,,,,,,,,False
2020180363,,,,,,,,False
2020180364,,,,,,,,False
2020180365,,,,,,,,False
2020180366,,,,,,,,False
2020180367,,,,,,,,False
2020180368,,,,,,,,False
2020180337,58671.58910249,0.0,362025,11.185213447,6.495e-07,173.6,70.9,True
2020180369,,,,,,,,False
2020180354,58698.70043807,66875.8,29847,-0.000000175,2.100e-08,473043.9,59671.9,True
2020180370,,,,,,,,False
2020180371,,,,,,,,False
2020180339,58674.23920831,0.0,248871,11.185214063,2.292e-06,31.4,18.0,True
2020180372,,,,,,,,False
2020180373,,,,,,,,False
2020180341,58676.12755351,0.0,102410,11.185171141,1.846e-06,32.7,24.3,True
2020180374,,,,,,,,False
2020180375,,,,,,,,False
2020180377,,,,,,,,False
2020180376,,,,,,,,False
2020180379,,,,,,,,False
2020180380,,,,,,,,False
2020180381,,,,,,,,False
2020180382,58757.86376425,225.0,9648,,,5.0,2.0,False
2020180383,58758.57842802,61792.8,4194,,,5.7,2.7,False
2020180378,58749.90689807,66945.4,6962,-0.000015362,4.552e-08,111322.8,13923.8,True
2020180384,58759.66416828,84066.5,12712,,,6.6,3.5,False
2020180390,58803.30774380,270.0,11712,,,9.8,3.0,False
2020180389,58802.34078611,890.0,17876,,,14.4,13.9,False
2020180387,58800.72952619,0.0,30537,11.185115856,1.555e-04,28.0,12.1,True
2020180386,58779.16203805,0.0,31392,11.185094117,4.568e-05,46.8,27.4,True
2020180388,58801.11588181,609.0,26373,,,10.1,10.1,False
2020180394,,,,,,,,False
2020180393,,,,,,,,False
2020180395,,,,,,,,False
2020180396,58826.99512113,227.0,9854,,,18.2,13.0,False
2020180385,58777.86376691,11397.5,32460,,,12.5,10.1,False
2020180399,58842.45813111,220.9,9248,,,1.6,1.6,False
2020180401,58843.27444527,0.0,26893,11.184980243,4.274e-06,33.2,24.3,True
2020180398,58829.20580301,39292.8,34007,11.185001853,2.103e-06,21.4,12.5,True
2020180397,58827.38072915,22107.0,45372,11.185003826,3.044e-06,24.1,16.6,True
2020180391,58804.78948201,0.0,79788,11.185027605,1.799e-06,28.4,28.4,True
2020180402,58844.64420776,45955.9,70186,,,14.7,14.7,False
2020180405,58847.31578879,5640.1,33255,,,8.1,3.4,False
2020180408,58876.89147979,268.9,11009,,,7.4,1.9,False
2020180392,58805.53265206,0.0,105074,11.185031438,1.065e-06,28.0,16.5,True
2020180406,58868.80940969,857.0,32298,,,13.8,11.4,False
2020180409,58879.58761542,534.0,22894,,,12.0,3.4,False
2020180403,58845.71066452,0.0,78619,11.184979480,2.533e-06,41.1,13.3,True
2020180412,58890.24744453,22559.2,20820,,,14.9,2.7,False
2020180407,58872.81705700,0.0,65501,11.184942301,5.069e-06,43.5,28.4,True
2020180415,58895.26827251,212.0,9170,-0.000000000,1.363e-05,146692.0,18340.0,True
2020180414,58894.33234015,5778.0,16972,0.000000000,2.189e-07,271524.0,33944.0,True
2020180410,58881.47804139,0.0,48702,11.184930620,1.050e-06,33.4,22.2,True
2020180411,58882.53792190,78399.2,60292,11.184930292,7.746e-07,21.1,20.8,True
2020180418,58907.98488640,518.0,22166,0.000000000,3.595e-06,354628.0,44332.0,True
3020180402,58957.26513122,288.0,12450,,,5.9,5.9,False
3020180403,58992.96820006,186.0,8154,,,2.2,1.8,False
2020180416,58905.79757730,22416.8,30780,0.000000006,5.008e-08,492399.0,61559.7,True
3020180404,58993.80703120,148.9,6544,,,5.8,5.8,False
2020180413,58891.28005850,22691.2,65591,,,6.9,6.9,False
3020180401,58952.93759219,455.9,19905,-0.000000000,4.293e-06,318452.0,39810.0,True
2020180417,58906.57498005,17589.9,37115,0.000000033,4.967e-08,593811.8,74230.0,True
3020180405,58995.83852440,5868.7,26020,,,6.5,6.5,False
3020180406,58996.86904907,5932.6,30630,,,14.9,7.1,False
2020180404,58846.51323244,0.0,174358,11.184974468,1.008e-06,78.3,57.9,True
3020180412,,,,,,,,False
3020180413,59027.75608034,465.0,18310,,,5.2,5.2,False
3020180411,59001.74593552,28197.6,26889,,,5.0,5.0,False
3020180410,59000.36425095,0.0,64020,11.184768373,2.577e-06,40.9,18.1,True
3020180415,59030.49578385,6174.8,59743,,,4.1,4.1,False
3020180407,58997.50476092,0.0,123589,11.184772168,7.565e-07,51.5,37.0,True
3020180416,59031.91689806,6309.7,65438,,,9.8,9.8,False
3020180419,59034.59326220,222.0,12178,,,2.5,1.3,False
3020180418,59033.17559375,776.0,40692,,,5.5,5.5,False
3020180420,59038.72970173,344.0,21130,,,6.5,5.0,False
3020180422,59049.13708511,181.0,13505,-0.000000000,1.327e-05,216052.0,27010.0,True
3020180423,,,,,,,,False
3020180424,,,,,,,,False
3020180425,,,,,,,,False
3020180414,59029.31884096,0.0,127926,11.184732068,2.552e-06,30.9,14.4,True
3020180426,,,,,,,,False
3020180428,,,,,,,,False
3020180427,59065.52123087,184.0,7875,-0.000000000,1.673e-05,125972.0,15750.0,True
3020180429,,,,,,,,False
3020180430,,,,,,,,False
3020180431,59111.74196900,445.0,18764,,,6.2,6.2,False
3020180433,,,,,,,,False
3020180434,,,,,,,,False
3020180435,,,,,,,,False
3020180408,58998.76708690,0.0,193661,11.184773831,1.304e-06,93.1,42.6,True
3020180432,59114.64816152,613.0,25898,,,14.8,4.8,False
3020180438,59121.43044666,5643.1,6517,,,1.9,1.9,False
3020180439,,,,,,,,False
3020180421,59046.53139997,21214.3,75557,,,6.1,6.1,False
3020180441,,,,,,,,False
3020180442,59159.61085137,92.0,4204,,,0.1,0.1,False
3020180437,59120.41874868,16959.5,33711,11.184611138,5.805e-06,24.0,12.6,True
3020180443,59161.22411232,386.0,17100,,,1.2,1.2,False
3020180440,59127.42346942,17500.5,45790,11.184603468,5.830e-06,15.5,12.3,True
3020180436,59119.84325178,0.0,73247,11.184615320,5.182e-06,25.7,10.0,True
3020180444,59162.09552411,6091.3,45783,11.184534587,1.092e-05,17.3,13.8,True
3020180445,59165.74225161,831.0,35602,,,24.8,0.7,False
3020180409,58999.34712502,0.0,321945,11.184772174,1.211e-06,106.6,38.9,True
3020180450,59185.80813815,79286.9,28630,11.184506671,8.939e-07,17.1,11.5,True
3020180447,59167.26689275,11410.5,63330,,,13.7,9.0,False
3020180451,59186.08718954,22862.0,38095,,,11.4,8.4,False
3020180417,59032.54079575,0.0,259795,11.184725306,6.072e-07,89.9,62.2,True
3020180454,59190.21735044,362.0,15408,,,27.5,14.5,False
3020180452,59187.66919623,34469.6,54136,,,6.4,6.4,False
3020180453,59188.37838445,39404.9,33562,11.184514854,1.406e-06,17.3,17.3,True
3020180457,,,,,,,,False
3020180455,59191.12004191,396.0,14382,,,14.8,13.7,False
3020180449,59184.79328339,0.0,119812,11.184514183,2.782e-06,53.1,37.5,True
3020180456,59192.98920610,422.0,16363,,,3.3,3.3,False
3020180461,,,,,,,,False
3020180448,59168.50418417,0.0,134969,11.184544245,6.928e-07,62.0,25.5,True
3020180459,59208.35398413,28068.2,27196,,,11.8,11.8,False
3020180462,59212.10985270,4966.1,18343,,,7.7,7.7,False
3020180464,59246.14629540,27585.4,27504,11.184440283,4.037e-06,17.9,17.8,True
3020180465,59267.09736801,787.9,34625,0.000000000,1.878e-06,553972.0,69250.0,True
3020180458,59207.49801989,0.0,69319,11.184490972,8.464e-07,52.1,34.6,True
3020180446,59166.48514707,0.0,251424,11.184546457,4.981e-07,133.2,69.6,True
3020180460,59209.50665702,0.0,124680,11.184487257,1.551e-06,86.5,39.7,True
4020180405,59317.99011858,255.0,11119,,,4.8,4.8,False
4020180401,59313.79843422,33726.8,79650,11.184338608,1.987e-06,23.8,23.8,True
4020180407,59319.86005010,159.9,6407,,,10.6,2.3,False
4020180408,59320.11836378,195.9,8396,,,2.4,2.4,False
4020180409,,,,,,,,False
4020180410,59334.01965122,191.9,8308,-0.000000000,1.569e-05,132900.0,16616.0,True
4020180411,59356.34912360,197.0,8657,,,4.6,4.6,False
4020180406,59318.24832477,308.9,13514,,,9.3,6.1,False
3020180463,59245.67394156,0.0,127679,11.184441712,1.725e-06,74.8,36.6,True
4020180413,59358.03040675,5841.7,15124,,,7.1,6.8,False
4020180415,,,,,,,,False
4020180416,,,,,,,,False
4020180414,59362.35619523,5732.7,8318,0.000000018,3.401e-07,133060.0,16636.0,True
4020180404,59316.48342515,0.0,48605,11.184344308,8.749e-07,27.1,20.9,True
4020180417,,,,,,,,False
4020180412,59357.79596423,72580.4,31308,,,7.6,7.6,False
4020180419,59391.21650747,22442.0,16233,,,5.8,5.8,False
4020180403,59315.36112750,0.0,122948,11.184345995,9.008e-07,78.6,31.0,True
4020180420,59392.85649527,50435.9,47385,11.184259940,1.707e-06,19.1,15.4,True
4020180418,59390.35974782,23017.0,48828,,,3.6,3.6,False
4020180425,59401.53699671,141.0,12618,,,4.3,4.3,False
4020180402,59314.46572168,0.0,155141,11.184348255,9.093e-07,64.4,37.5,True
4020180427,,,,,,,,False
4020180429,59424.60711539,259.0,12059,,,3.3,3.3,False
4020180430,59425.81491824,434.0,14449,,,3.0,1.6,False
4020180426,59402.37826924,432.0,42067,,,0.8,0.8,False
4020180431,59426.56619362,6018.8,28425,11.184188977,1.042e-05,21.5,15.3,True
4020180433,59449.89384344,5847.0,27598,,,1.2,1.2,False
4020180422,59397.89901905,28689.9,113464,11.184228557,3.137e-06,15.2,15.2,True
4020180432,59429.67258336,0.0,61046,11.184206425,1.896e-06,26.9,13.7,True
4020180424,59400.33639421,33667.7,151584,11.184232025,2.326e-06,21.7,16.3,True
4020180423,59398.26900973,0.0,212072,11.184234707,1.320e-06,61.2,38.9,True
4020180437,59456.53880565,5987.0,41918,,,2.2,2.2,False
4020180421,59393.45240326,0.0,244069,11.184240131,1.030e-06,60.4,28.8,True
4020180439,59467.80284914,579.0,27855,,,9.9,0.3,False
4020180436,59455.34558782,0.0,125651,11.184171993,7.732e-07,30.0,21.9,True
4020180438,59458.47581362,0.0,81627,11.184180042,7.601e-06,27.3,27.3,True
4020180435,59451.40813286,0.0,178459,11.184177850,6.247e-07,54.2,51.5,True
4020180444,59475.35389675,331.9,13535,,,9.7,1.7,False
4020180440,59468.64526410,0.0,107513,11.184151576,1.418e-06,25.8,19.8,True
4020180442,59471.37097619,50566.8,85841,,,4.3,2.6,False
4020180447,,,,,,,,False
4020180434,59450.57178868,0.0,238413,11.184178228,4.527e-07,110.3,68.1,True
4020180449,,,,,,,,False
4020180446,59481.25350552,695.0,30285,,,5.1,4.8,False
4020180443,59472.45119479,0.0,98634,11.184145113,2.008e-06,42.7,18.6,True
4020180448,59494.12762339,5923.1,48936,,,2.2,2.2,False
4020180441,59470.58318972,0.0,154901,11.184149032,6.401e-07,31.4,28.1,True
4020180451,59506.16193606,0.0,80946,11.184104136,1.655e-06,59.1,23.5,True
4020180450,59505.91977323,0.0,114140,11.184102544,4.464e-06,59.1,27.7,True
4020180453,59525.39324574,56381.6,75358,,,5.6,5.6,False
4020180457,59548.38729137,38857.9,15442,11.184147775,3.171e-06,15.6,15.2,True
4020180458,59549.65165946,180.9,7850,,,18.2,10.6,False
4020180454,59526.72370899,50838.4,85768,11.184075300,1.827e-06,28.9,8.6,True
4020180452,59524.79890821,0.0,119157,11.184077434,2.097e-06,52.2,30.6,True
4020180459,59550.05176397,22821.1,23177,,,9.8,3.0,False
4020180456,59528.32337782,0.0,74152,11.184075584,5.596e-06,38.2,23.4,True
4020180463,59555.39929141,110.0,2507,,,0.7,0.7,False
4020180464,59557.52247626,363.0,15825,,,8.4,8.4,False
4020180460,59551.59360473,0.0,63445,11.184116236,5.525e-07,29.0,27.7,True
4020180466,59573.13168021,245.0,10725,,,1.2,1.2,False
4020180465,59562.80355037,410.0,16324,,,6.3,6.3,False
4020180468,,,,,,,,False
4020180462,59553.24392388,0.0,78654,11.184037659,2.085e-06,44.8,15.1,True
4020180470,59627.75303579,6347.0,17397,,,12.3,12.3,False
4020180467,59574.23944717,17342.7,53224,-0.000000052,6.104e-08,851504.7,106447.7,True
4020180469,59622.62487963,6153.0,52755,,,2.3,1.0,False
5020180401,59677.32452452,357.0,15357,,,2.4,2.4,False
5020180404,,,,,,,,False
5020180405,,,,,,,,False
5020180406,,,,,,,,False
4020180445,59476.51448513,0.0,406466,11.184142527,4.312e-07,138.0,72.4,True
5020180402,59681.96193820,438.0,18827,,,17.1,6.0,False
5020180407,59693.27631613,33572.6,24024,,,12.8,12.8,False
5020180410,,,,,,,,False
4020180461,59552.25537302,0.0,142579,11.184020702,7.395e-07,40.5,40.5,True
5020180409,59697.44379788,727.9,31947,,,10.7,5.5,False
5020180413,,,,,,,,False
5020180412,59714.46751055,33756.4,14992,,,0.2,0.2,False
5020180408,59694.06643321,11687.4,52028,,,6.7,6.7,False
5020180416,59729.96918833,207.9,9426,,,5.2,5.1,False
5020180417,,,,,,,,False
4020180455,59527.21579895,0.0,237335,11.184074958,1.758e-06,169.9,70.2,True
5020180414,59725.56386217,72751.4,24541,,,9.6,9.6,False
5020180418,59754.81958411,368.0,21803,,,8.9,8.9,False
5020180419,59755.40225361,356.0,18610,,,3.0,0.3,False
5020180420,59757.72307831,515.0,34846,,,2.4,2.4,False
5020180411,59704.12153075,0.0,69260,11.183810459,7.719e-06,37.4,31.9,True
5020180424,59765.29073894,22595.2,56941,,,7.9,7.0,False
5020180425,59779.42359350,72858.8,30767,,,5.6,5.4,False
5020180403,59682.40595432,0.0,183047,11.183864064,6.753e-07,101.3,47.2,True
5020180427,59783.97753044,69.0,2513,-0.000000000,7.718e-05,40180.0,5026.0,True
5020180426,59780.13683207,11545.7,10898,,,3.1,3.1,False
5020180429,59785.97938708,457.0,8934,0.000000000,4.704e-06,142916.0,17868.0,True
5020180422,59760.40013084,0.0,134709,11.183758919,9.682e-07,33.6,18.4,True
5020180423,59764.74352729,0.0,146226,11.183755580,3.741e-06,36.3,7.9,True
5020180430,59786.24132393,491.0,41232,0.000000000,2.823e-06,659684.0,82464.0,True
5020180415,59727.25985291,0.0,194562,11.183805999,9.999e-07,129.2,65.8,True
5020180428,59784.70441769,61755.4,99663,-0.000000377,1.683e-08,1593877.9,199322.6,True
5020180435,59793.47317860,157.0,8463,0.000000000,1.905e-05,135380.0,16926.0,True
5020180434,59790.04391847,313.9,36030,0.000000000,4.960e-06,576452.0,72060.0,True
5020180431,59787.74062284,22394.5,71991,0.000000022,4.423e-08,1151653.6,143981.1,True
5020180438,59818.31971561,397.0,1442,,,1.4,1.4,False
5020180439,59819.02923369,580.0,4247,,,0.8,0.7,False
5020180437,59814.94609935,6090.0,10924,-0.000000008,2.759e-07,174756.0,21848.0,True
5020180440,59820.64233586,721.5,39499,,,2.5,2.5,False
5020180442,59822.38304633,379.5,4106,,,1.3,0.1,False
5020180432,59788.90203290,11496.7,98609,-0.000000016,5.518e-08,1577699.3,197217.9,True
5020180441,59821.58638422,5983.0,54278,,,3.8,3.8,False
5020180443,59824.49663674,5869.0,22314,,,3.5,1.0,False
5020180421,59759.68070407,0.0,316572,11.183760217,1.089e-06,42.7,26.2,True
5020180446,59833.41553760,61665.8,7180,,,2.2,2.2,False
5020180447,59834.44701377,28152.4,14205,,,3.1,3.1,False
5020180433,59789.38052056,56297.8,148097,-0.000000080,8.123e-09,2366050.6,296177.0,True
5020180444,59827.53073168,56379.5,67195,,,1.9,1.9,False
5020180445,59828.50767135,17084.1,82517,,,4.4,2.7,False
5020180450,59839.47539772,755.0,33413,,,6.1,1.3,False
5020180453,,,,,,,,False
5020180454,,,,,,,,False
5020180455,59864.37456051,216.0,9265,,,2.1,2.1,False
5020180456,59871.48238152,180.0,7776,,,4.6,4.6,False
5020180451,59850.93868387,5866.1,29969,,,19.9,5.3,False
5020180457,,,,,,,,False
5020180448,59835.69394701,39481.6,78441,,,0.8,0.8,False
5020180459,59917.06458821,529.0,22575,,,9.4,7.1,False
5020180458,59914.80941125,660.0,23857,,,13.6,13.6,False
5020180460,59919.06449195,476.5,20146,,,13.4,8.5,False
5020180461,59922.16250425,333.9,14143,,,14.1,5.0,False
5020180463,59972.76595360,530.9,21744,,,13.4,9.3,False
5020180452,59851.53784189,50349.4,67120,,,10.1,1.7,False
6020180401,,,,,,,,False
6020180402,60055.94767678,129.0,5114,,,1.8,1.0,False
5020180462,59938.38127669,17018.7,43125,,,11.6,9.7,False
6020180404,,,,,,,,False
6020180405,,,,,,,,False
6020180406,60065.11904279,161.0,6656,,,4.9,4.9,False
6020180403,60056.22694233,44683.1,15909,,,7.1,2.6,False
6020180407,,,,,,,,False
5020180465,59994.42399674,666.0,27572,,,25.1,15.6,False
6020180408,,,,,,,,False
5020180464,59973.52405967,17012.3,37393,,,17.1,16.4,False
6020180409,60090.93892241,5730.9,1910,,,13.6,13.6,False
6020180412,,,,,,,,False
6020180414,,,,,,,,False
6020180413,60121.65963594,16745.3,12128,,,3.6,3.6,False
6020180416,,,,,,,,False
5020180436,59794.57749833,73555.6,269473,-0.000000170,5.873e-09,3959632.8,499800.9,True
6020180415,60124.19727038,61377.5,36280,,,5.6,5.6,False
6020180418,60129.94299593,275.0,43696,,,2.1,2.1,False
6020180419,,,,,,,,False
6020180420,,,,,,,,False
6020180421,,,,,,,,False
6020180422,,,,,,,,False
6020180423,,,,,,,,False
6020180424,,,,,,,,False
6020180426,,,,,,,,False
6020180425,60209.12779736,317.0,6873,,,3.0,1.5,False
6020180428,,,,,,,,False
6020180429,,,,,,,,False
6020180430,,,,,,,,False
6020180431,,,,,,,,False
6020180432,,,,,,,,False
6020180433,,,,,,,,False
6020180434,,,,,,,,False
6020180435,60259.28284532,397.7,12919,,,0.7,0.7,False
6020180436,,,,,,,,False
6020180437,,,,,,,,False
6020180410,60091.93652081,77985.2,99062,,,0.1,0.1,False
6020180438,,,,,,,,False
6020180439,,,,,,,,False
6020180440,,,,,,,,False
6020180441,,,,,,,,False
5020180449,59836.41663658,56513.9,233710,,,6.3,6.3,False
6020180442,60280.71358945,482.9,17710,,,12.4,8.5,False
6020180445,,,,,,,,False
6020180446,60295.93430904,271.1,5822,,,1.2,1.2,False
6020180444,60282.46761500,72647.4,16545,,,6.7,3.3,False
6020180448,60301.09135275,311.0,8597,,,2.9,2.9,False
6020180417,60126.16947112,28123.9,117036,,,2.7,2.7,False
6020180427,60223.72613681,56023.8,84048,,,3.9,3.9,False
6020180447,60299.41258452,67347.8,31039,,,8.7,8.2,False
6020180451,60353.34224011,16937.1,23815,,,1.7,1.7,False
6020180449,60336.64738516,6391.1,48063,11.183001260,9.980e-06,16.3,16.3,True
7020180401,60412.92080253,11412.4,8912,,,5.8,4.7,False
6020180450,60347.64802713,0.0,52625,11.182975639,7.312e-06,28.4,8.9,True
7020180402,60413.26890933,67000.4,8612,,,11.8,10.3,False
7020180403,60414.41054681,33585.5,9906,,,1.1,1.1,False
7020180404,60415.47738441,22307.8,1632,,,0.8,0.8,False
7020180405,,,,,,,,False
7020180407,,,,,,,,False
7020180408,,,,,,,,False
7020180409,,,,,,,,False
7020180410,60422.51687169,5665.5,2596,,,3.3,2.8,False
7020180411,,,,,,,,False
7020180406,60417.15982237,55824.8,5937,,,5.9,5.9,False
7020180414,60446.91492140,6017.6,24550,,,17.1,7.6,False
7020180415,,,,,,,,False
7020180416,,,,,,,,False
7020180417,,,,,,,,False
7020180413,60445.15983031,28072.5,37731,,,12.3,12.3,False
7020180412,60442.55802509,17227.1,42703,,,6.2,6.2,False
7020180419,,,,,,,,False
7020180420,,,,,,,,False
7020180421,,,,,,,,False
7020180423,,,,,,,,False
7020180422,,,,,,,,False
6020180443,60281.68922172,0.0,162707,11.183060883,1.063e-06,43.9,26.0,True
7020180426,,,,,,,,False
6020180452,60360.40502085,0.0,115104,11.182949560,1.905e-06,54.6,39.6,True
7020180427,60570.83221574,216.9,8909,,,5.3,4.9,False
7020180428,60572.96049764,175.0,7121,,,3.7,3.7,False
7020180430,,,,,,,,False
7020180431,,,,,,,,False
7020180432,,,,,,,,False
7020180433,,,,,,,,False
7020180434,,,,,,,,False
7020180425,60513.76669552,39083.9,31892,,,24.6,13.8,False
7020180435,,,,,,,,False
7020180436,,,,,,,,False
7020180437,,,,,,,,False
7020180438,,,,,,,,False
7020180439,,,,,,,,False
7020180440,,,,,,,,False
7020180441,,,,,,,,False
6020180411,60092.09913780,11467.4,439836,,,2.6,2.6,False
7020180442,,,,,,,,False
7020180443,,,,,,,,False
7020180444,,,,,,,,False
7020180445,,,,,,,,False
7020180447,,,,,,,,False
7020180446,,,,,,,,False
7020180448,,,,,,,,False
7020180449,,,,,,,,False
7020180450,,,,,,,,False
7020180452,,,,,,,,False
7020180429,60574.83576188,658.9,26241,,,7.2,7.2,False
7020180454,60704.33444507,235.9,9435,,,7.2,4.4,False
7020180453,60700.56453258,22328.5,7983,,,1.3,1.3,False
7020180457,,,,,,,,False
7020180451,60698.34871484,416.0,16003,,,7.5,7.5,False
7020180418,60486.63859497,61718.4,79477,,,4.5,4.5,False
7020180456,60708.10839878,16892.2,11905,,,8.4,8.4,False
8020180401,,,,,,,,False
8020180403,,,,,,,,False
8020180402,,,,,,,,False
8020180405,,,,,,,,False
8020180404,,,,,,,,False
8020180407,,,,,,,,False
8020180406,,,,,,,,False
8020180408,,,,,,,,False
8020180409,,,,,,,,False
7020180424,60512.30876253,72615.0,80905,,,7.9,7.9,False
8020180410,,,,,,,,False
8020180411,,,,,,,,False
7020180458,60720.28351774,382.9,15392,,,8.9,8.8,False
8020180414,,,,,,,,False
8020180412,,,,,,,,False
8020180413,,,,,,,,False
8020180415,,,,,,,,False
7020180459,60722.34895788,544.9,21693,,,11.4,0.5,False
7020180455,60707.66140656,0.0,37834,11.182509086,1.500e-06,26.5,26.5,True
