t_s,flux,flux_err
56.4899,5.86545e-08,5.82744e-09
57.4505,5.17107e-08,5.15998e-09
58.4234,5.52252e-08,5.60539e-09
59.3081,5.4016e-08,5.41643e-09
60.1274,5.1787e-08,5.19773e-09
61.0312,5.2825e-08,5.35995e-09
61.9172,4.81921e-08,4.90951e-09
62.8,5.33365e-08,5.34093e-09
63.7997,4.30354e-08,4.26639e-09
64.9429,5.277e-08,4.49675e-09
70.7259,3.24091e-08,4.50972e-09
71.3947,3.24646e-08,4.50319e-09
72.0139,3.38051e-08,4.37445e-09
72.732,3.10411e-08,4.14499e-09
73.4202,3.15043e-08,4.03099e-09
74.0722,3.79023e-08,4.62352e-09
74.7298,3.62901e-08,4.76522e-09
75.3568,3.27001e-08,4.29592e-09
76.0221,3.42282e-08,4.47264e-09
76.6754,3.36666e-08,4.23018e-09
77.33,3.87686e-08,4.91177e-09
77.9371,3.76456e-08,4.6541e-09
78.6625,4.19788e-08,4.42369e-09
79.3673,5.14972e-08,5.55855e-09
80.0249,5.25214e-08,5.68027e-09
80.6418,3.54361e-08,4.5596e-09
81.2802,3.70057e-08,4.8068e-09
81.8645,3.60011e-08,4.76746e-09
82.4982,2.81581e-08,3.72261e-09
83.2215,3.81252e-08,4.77461e-09
84.0013,3.81535e-08,4.22725e-09
84.7163,3.85376e-08,4.61827e-09
85.3884,3.40699e-08,4.58664e-09
86.0068,3.73935e-08,4.80922e-09
86.6979,4.29757e-08,4.63427e-09
87.4463,3.0949e-08,4.13342e-09
88.0743,3.44359e-08,4.59221e-09
88.8746,2.68176e-08,3.74657e-09
89.5099,3.72858e-08,4.59573e-09
90.1372,3.73977e-08,4.88109e-09
90.7967,2.95249e-08,3.8441e-09
91.4824,3.70863e-08,4.917e-09
92.082,3.63134e-08,4.82376e-09
92.6848,3.29026e-08,4.46663e-09
93.3719,3.75189e-08,4.58031e-09
94.1013,3.97283e-08,4.28803e-09
94.9575,4.33385e-08,4.70543e-09
95.6939,4.18752e-08,4.36949e-09
96.479,4.38804e-08,4.70348e-09
97.1577,3.04625e-08,4.19722e-09
97.8181,3.63281e-08,4.91216e-09
98.4348,3.63632e-08,4.86261e-09
99.029,3.63244e-08,4.80328e-09
99.5827,3.78083e-08,4.77346e-09
100.238,3.6652e-08,4.70698e-09
100.878,4.34674e-08,4.76793e-09
101.67,4.18746e-08,4.74294e-09
102.53,2.67385e-08,3.46416e-09
103.276,3.23815e-08,4.13469e-09
104.035,3.03376e-08,3.87415e-09
104.67,3.48463e-08,4.38567e-09
105.334,2.75485e-08,3.60243e-09
106.366,2.14945e-08,2.9334e-09
107.188,2.39645e-08,3.19538e-09
108.291,1.91275e-08,2.48795e-09
109.28,2.52167e-08,3.25047e-09
110.225,2.11814e-08,2.84275e-09
111.334,1.84057e-08,2.57661e-09
112.415,2.16277e-08,3.11939e-09
113.461,1.92568e-08,2.64782e-09
114.569,1.88013e-08,2.52191e-09
115.844,1.99671e-08,2.6192e-09
116.923,1.66917e-08,2.30335e-09
118.192,1.86972e-08,2.60494e-09
119.327,2.1087e-08,2.89691e-09
120.324,2.10144e-08,2.95699e-09
121.508,1.66438e-08,2.43557e-09
122.785,1.65801e-08,2.28426e-09
124.009,1.78287e-08,2.42694e-09
125.427,1.48151e-08,2.04496e-09
126.962,1.42782e-08,1.8928e-09
128.39,1.55699e-08,2.13425e-09
129.676,1.35097e-08,1.84582e-09
130.685,1.46541e-08,1.8709e-09
131.62,1.51578e-08,1.97495e-09
132.494,1.55149e-08,2.11842e-09
133.525,1.27617e-08,1.74952e-09
134.593,1.21562e-08,1.55905e-09
135.7,1.33508e-08,1.70789e-09
136.77,1.22976e-08,1.55892e-09
137.827,1.42814e-08,1.91929e-09
138.759,1.3864e-08,1.8488e-09
139.829,1.15332e-08,1.53412e-09
141.098,9.82599e-09,1.3051e-09
142.437,1.22657e-08,1.55276e-09
143.371,1.48433e-08,1.97165e-09
144.566,1.12161e-08,1.51041e-09
145.688,1.14747e-08,1.48359e-09
146.818,1.1763e-08,1.45961e-09
147.99,1.26846e-08,1.66203e-09
149.001,1.2622e-08,1.65023e-09
150.334,1.05116e-08,1.41766e-09
151.574,1.14327e-08,1.56257e-09
152.924,1.00766e-08,1.39724e-09
154.244,9.75143e-09,1.36857e-09
155.428,1.49203e-08,1.94424e-09
156.564,1.24026e-08,1.64119e-09
157.813,9.56081e-09,1.30785e-09
159.164,1.01479e-08,1.31283e-09
160.559,1.09315e-08,1.43207e-09
161.884,1.12874e-08,1.44337e-09
162.989,1.14014e-08,1.49861e-09
164.377,9.33846e-09,1.20607e-09
165.675,1.14121e-08,1.47958e-09
167.05,1.00832e-08,1.32746e-09
168.237,1.16067e-08,1.47811e-09
169.494,1.07879e-08,1.38776e-09
170.803,1.05692e-08,1.4078e-09
172.205,8.81156e-09,1.18393e-09
173.686,9.32462e-09,1.23429e-09
175.204,8.73244e-09,1.20126e-09
176.642,9.80965e-09,1.29065e-09
177.867,1.12946e-08,1.48928e-09
179.292,9.93583e-09,1.32926e-09
180.739,9.42365e-09,1.26641e-09
182.186,9.45611e-09,1.2462e-09
183.615,1.15609e-08,1.52391e-09
184.632,1.41787e-08,1.86353e-09
185.754,1.04929e-08,1.39003e-09
187.088,1.06925e-08,1.40224e-09
188.322,1.11881e-08,1.43259e-09
189.618,1.25098e-08,1.60574e-09
190.778,1.21077e-08,1.53224e-09
191.86,1.31294e-08,1.68715e-09
192.93,1.39118e-08,1.83338e-09
194.042,1.08098e-08,1.42484e-09
195.164,1.53085e-08,1.94385e-09
196.086,1.29822e-08,1.71026e-09
197.307,1.06169e-08,1.38846e-09
198.365,1.56127e-08,1.98233e-09
199.419,9.9055e-09,1.30245e-09
200.643,1.33035e-08,1.76657e-09
201.819,1.20905e-08,1.60513e-09
202.897,1.25761e-08,1.66329e-09
204.111,1.00515e-08,1.31011e-09
205.527,1.03794e-08,1.32723e-09
206.824,1.23311e-08,1.54687e-09
208.037,1.04458e-08,1.34642e-09
209.2,1.47521e-08,1.87816e-09
210.257,1.32089e-08,1.71896e-09
211.272,1.31229e-08,1.73576e-09
212.396,1.25746e-08,1.64789e-09
213.341,1.6779e-08,2.25026e-09
214.174,1.75852e-08,2.39932e-09
214.871,2.07637e-08,2.77532e-09
215.501,2.32399e-08,3.16179e-09
216.083,2.38835e-08,3.19177e-09
216.678,2.39813e-08,3.22567e-09
217.18,2.81077e-08,3.66029e-09
217.679,2.80408e-08,3.67553e-09
218.212,2.95412e-08,3.78712e-09
218.749,2.72728e-08,3.42693e-09
219.257,2.74603e-08,3.552e-09
219.763,3.61795e-08,4.00673e-09
220.306,3.03022e-08,3.74254e-09
220.804,2.91666e-08,3.68107e-09
221.297,3.09693e-08,4.10913e-09
221.846,3.40595e-08,4.38094e-09
222.354,3.34919e-08,4.40175e-09
222.894,3.61578e-08,4.90407e-09
223.389,3.53795e-08,4.70884e-09
223.879,3.5265e-08,4.68382e-09
224.429,3.10608e-08,4.09803e-09
224.985,3.07695e-08,4.33766e-09
225.51,3.44719e-08,4.61567e-09
226.068,3.18117e-08,4.16398e-09
226.556,3.61703e-08,4.57017e-09
227.056,3.48749e-08,4.53529e-09
227.599,3.58763e-08,4.74676e-09
228.125,3.32034e-08,4.46015e-09
228.673,2.96567e-08,3.92829e-09
229.206,3.31634e-08,4.36202e-09
229.774,3.81614e-08,4.4239e-09
230.366,3.86304e-08,4.48494e-09
230.953,3.1778e-08,4.29912e-09
231.482,3.29063e-08,4.1949e-09
232.131,2.5145e-08,3.47353e-09
232.694,4.82134e-08,5.14311e-09
233.208,3.42111e-08,4.43542e-09
233.708,3.43392e-08,4.74624e-09
234.22,3.22751e-08,4.24841e-09
234.812,3.18426e-08,4.11837e-09
235.328,3.29576e-08,4.4309e-09
235.834,3.2298e-08,4.35203e-09
236.451,2.901e-08,3.9494e-09
236.99,3.39449e-08,4.56415e-09
237.497,3.80369e-08,4.56814e-09
238.06,3.82946e-08,4.8403e-09
238.666,2.76356e-08,3.6708e-09
239.234,3.3036e-08,4.33209e-09
239.792,3.00843e-08,3.94683e-09
240.382,3.8704e-08,4.95518e-09
240.871,3.50505e-08,4.89794e-09
241.45,4.00023e-08,4.53784e-09
242.036,3.34827e-08,4.47541e-09
242.634,2.77134e-08,3.63163e-09
243.173,3.83678e-08,4.81887e-09
243.739,2.80803e-08,3.80185e-09
244.348,3.32561e-08,4.35369e-09
244.877,3.10598e-08,4.21423e-09
245.458,2.81164e-08,3.63574e-09
246.036,3.68592e-08,4.69399e-09
246.624,2.82006e-08,3.80375e-09
247.235,2.848e-08,3.78833e-09
247.822,3.0334e-08,4.12672e-09
248.377,3.33089e-08,4.5825e-09
248.905,3.091e-08,4.19742e-09
249.495,3.09559e-08,4.08057e-09
250.158,2.37895e-08,3.08404e-09
250.846,2.56238e-08,3.37094e-09
251.491,2.87748e-08,3.95145e-09
252.11,2.95781e-08,3.85672e-09
252.725,3.0763e-08,4.11867e-09
253.38,2.2428e-08,2.93736e-09
254.078,2.77723e-08,3.59451e-09
254.711,2.59255e-08,3.427e-09
255.448,2.55145e-08,3.31184e-09
256.04,2.66485e-08,3.57229e-09
256.683,2.98758e-08,4.01183e-09
257.241,2.8546e-08,3.72973e-09
257.877,2.45534e-08,3.20424e-09
258.601,2.39482e-08,3.33463e-09
259.288,2.72369e-08,3.61833e-09
259.922,2.79564e-08,3.59217e-09
260.549,2.39411e-08,3.16318e-09
261.405,2.17643e-08,2.90721e-09
262.101,2.33928e-08,3.17064e-09
262.891,2.61996e-08,3.56986e-09
263.483,2.9885e-08,4.05781e-09
264.09,2.95867e-08,4.08299e-09
264.732,2.26833e-08,3.08023e-09
265.421,2.40925e-08,3.21677e-09
266.09,2.91932e-08,3.70225e-09
266.688,2.90249e-08,3.73106e-09
267.354,2.31331e-08,3.24205e-09
268.058,2.95147e-08,3.88341e-09
268.683,3.14732e-08,4.01632e-09
269.208,2.9535e-08,3.77684e-09
269.863,2.68198e-08,3.6099e-09
270.454,3.11899e-08,4.22924e-09
271.027,2.88528e-08,3.981e-09
271.619,2.79542e-08,3.6447e-09
272.233,3.21163e-08,4.02213e-09
272.818,3.01949e-08,3.90802e-09
273.511,2.4264e-08,3.14927e-09
274.227,2.45559e-08,3.18015e-09
274.845,3.08946e-08,4.01487e-09
275.483,2.71803e-08,3.75997e-09
276.113,2.4454e-08,3.27463e-09
276.829,2.70593e-08,3.54405e-09
277.529,2.29011e-08,2.99905e-09
278.193,3.33941e-08,4.46521e-09
278.746,2.96293e-08,4.05853e-09
279.406,2.65494e-08,3.5073e-09
280.047,2.80671e-08,3.71131e-09
280.67,2.81477e-08,3.7817e-09
281.296,3.13612e-08,4.33536e-09
281.846,2.92262e-08,4.04376e-09
282.526,2.17932e-08,3.05094e-09
283.271,2.69715e-08,3.59914e-09
283.906,3.10113e-08,4.12806e-09
284.471,2.75352e-08,3.78791e-09
285.014,3.39622e-08,4.3605e-09
285.565,2.92671e-08,3.91955e-09
286.182,2.95553e-08,4.04232e-09
286.776,2.99046e-08,3.93463e-09
287.435,2.46179e-08,3.32913e-09
288.026,3.95182e-08,4.74901e-09
288.554,3.38716e-08,4.46827e-09
289.129,2.70524e-08,3.53088e-09
289.801,2.88693e-08,3.73207e-09
290.425,2.65598e-08,3.56832e-09
291.049,3.34197e-08,4.37482e-09
291.685,2.4419e-08,3.39576e-09
292.307,2.94049e-08,3.91419e-09
292.917,3.01765e-08,3.98077e-09
293.544,2.48335e-08,3.26903e-09
294.369,1.9638e-08,2.61588e-09
295.205,2.46502e-08,3.26426e-09
295.896,2.44791e-08,3.22012e-09
296.593,2.81272e-08,3.77106e-09
297.233,2.46604e-08,3.42869e-09
297.925,2.5057e-08,3.33191e-09
298.556,3.139e-08,4.05549e-09
299.143,2.77497e-08,3.62934e-09
299.699,3.92333e-08,4.50656e-09
300.287,3.11372e-08,4.01337e-09
300.89,3.11907e-08,4.06168e-09
301.416,2.97212e-08,3.9042e-09
302.115,2.38103e-08,3.21507e-09
302.776,2.67616e-08,3.47818e-09
303.382,2.8422e-08,3.72853e-09
304.041,2.64341e-08,3.49657e-09
304.659,2.69181e-08,3.47729e-09
305.397,2.2849e-08,3.0028e-09
306.025,3.42337e-08,4.48853e-09
306.612,2.8372e-08,3.61925e-09
307.236,3.0017e-08,3.8646e-09
307.819,2.59997e-08,3.43047e-09
308.474,2.79147e-08,3.68992e-09
309.162,2.61349e-08,3.42757e-09
309.787,2.65128e-08,3.67003e-09
310.428,3.03202e-08,4.11468e-09
310.952,3.45132e-08,4.61337e-09
311.508,2.9503e-08,4.00288e-09
312.11,3.00816e-08,4.12322e-09
312.829,2.10083e-08,2.94023e-09
313.487,2.6062e-08,3.3793e-09
314.25,2.91996e-08,3.86286e-09
314.885,2.33541e-08,3.29279e-09
315.5,3.17176e-08,4.1524e-09
316.11,2.84563e-08,3.769e-09
316.718,3.16992e-08,4.07232e-09
317.387,2.40679e-08,3.26948e-09
318.047,2.62518e-08,3.5161e-09
318.761,2.42954e-08,3.24867e-09
319.507,2.37546e-08,3.18273e-09
320.12,3.01787e-08,3.92138e-09
320.838,2.21865e-08,2.95142e-09
321.593,2.26335e-08,3.05239e-09
322.291,2.81324e-08,3.65499e-09
323.055,1.94157e-08,2.58539e-09
323.842,2.49548e-08,3.26262e-09
324.58,2.28569e-08,2.95719e-09
325.289,2.81159e-08,3.74728e-09
325.966,2.42799e-08,3.17573e-09
326.752,2.08754e-08,2.77381e-09
327.516,2.20833e-08,2.89776e-09
328.275,2.56957e-08,3.4332e-09
329.041,2.04907e-08,2.66285e-09
329.791,3.52909e-08,4.62169e-09
330.357,2.56516e-08,3.31208e-09
331.051,2.64475e-08,3.64619e-09
331.737,2.43785e-08,3.32389e-09
332.483,2.49678e-08,3.23228e-09
333.231,2.04737e-08,2.72986e-09
334.062,2.77493e-08,3.75576e-09
334.706,3.33287e-08,4.41332e-09
335.337,2.13101e-08,2.87879e-09
336.173,2.33171e-08,3.17621e-09
336.834,3.36532e-08,4.4953e-09
337.435,2.61059e-08,3.45688e-09
338.194,2.55243e-08,3.33108e-09
338.927,2.05439e-08,2.80963e-09
339.716,2.2221e-08,2.98427e-09
340.6,2.17013e-08,2.92157e-09
341.331,2.13899e-08,2.85022e-09
342.135,2.27926e-08,3.01755e-09
343.046,1.91206e-08,2.49901e-09
343.894,1.76529e-08,2.39195e-09
344.745,2.35514e-08,3.15059e-09
345.568,1.98621e-08,2.59942e-09
346.363,2.32988e-08,3.0563e-09
347.225,1.9614e-08,2.58132e-09
347.996,2.18951e-08,2.90276e-09
348.834,2.47648e-08,3.24501e-09
349.611,1.99954e-08,2.61103e-09
350.358,2.31506e-08,3.11042e-09
351.238,1.92638e-08,2.55058e-09
352.02,2.42219e-08,3.23323e-09
352.753,2.42333e-08,3.2312e-09
353.488,2.42449e-08,3.135e-09
354.316,1.79633e-08,2.30363e-09
355.201,2.66243e-08,3.38347e-09
356.127,1.59636e-08,2.1378e-09
357.052,1.98893e-08,2.65426e-09
357.859,2.39662e-08,3.17916e-09
358.637,2.1847e-08,2.96587e-09
359.554,1.75445e-08,2.34437e-09
360.505,2.03918e-08,2.69178e-09
361.321,2.0412e-08,2.71656e-09
362.174,2.10766e-08,2.79307e-09
363.06,2.00177e-08,2.59833e-09
363.963,1.63293e-08,2.21361e-09
364.864,2.4991e-08,3.16911e-09
365.552,2.49701e-08,3.34033e-09
366.405,1.65133e-08,2.14532e-09
367.418,1.94296e-08,2.53072e-09
368.333,1.86586e-08,2.39476e-09
369.252,1.99369e-08,2.59183e-09
370.237,1.70899e-08,2.25308e-09
371.097,1.80827e-08,2.46114e-09
372.164,1.69988e-08,2.26698e-09
373.123,1.75826e-08,2.33221e-09
374.134,1.81472e-08,2.37486e-09
375.187,1.48841e-08,1.99524e-09
376.153,2.02284e-08,2.58085e-09
377.08,1.67831e-08,2.13994e-09
378.11,1.82548e-08,2.35079e-09
379.067,2.15415e-08,2.75079e-09
379.927,1.65864e-08,2.3281e-09
380.876,2.14746e-08,2.72138e-09
381.707,2.01468e-08,2.60583e-09
382.57,2.10382e-08,2.71022e-09
383.611,1.41029e-08,1.8189e-09
384.733,2.06481e-08,2.81104e-09
385.553,2.37397e-08,3.12575e-09
386.339,2.44023e-08,3.26607e-09
387.143,1.787e-08,2.44523e-09
388.206,1.81075e-08,2.37723e-09
389.165,1.9326e-08,2.56362e-09
390.07,2.12399e-08,2.82518e-09
390.803,2.78885e-08,3.69212e-09
391.648,1.72232e-08,2.29108e-09
392.687,1.48221e-08,2.03769e-09
393.798,1.64667e-08,2.17502e-09
394.797,1.9647e-08,2.51859e-09
395.806,1.70436e-08,2.24005e-09
396.685,1.98612e-08,2.60791e-09
397.582,2.10553e-08,2.72133e-09
398.375,2.09149e-08,2.80355e-09
399.269,1.96604e-08,2.59009e-09
400.098,2.30958e-08,2.99097e-09
400.863,2.01727e-08,2.6154e-09
401.786,1.88258e-08,2.4648e-09
402.651,2.06925e-08,2.70902e-09
403.476,2.12831e-08,2.68782e-09
404.392,1.95014e-08,2.50684e-09
405.247,2.09875e-08,2.75088e-09
406.105,1.94365e-08,2.61471e-09
407.101,1.552e-08,2.18898e-09
408.063,2.00038e-08,2.69158e-09
408.906,2.0171e-08,2.59335e-09
409.831,1.57961e-08,2.14589e-09
410.828,2.16551e-08,2.83579e-09
411.751,1.78801e-08,2.40422e-09
412.715,1.88681e-08,2.48367e-09
413.606,2.01098e-08,2.54514e-09
414.51,1.83001e-08,2.35632e-09
415.466,1.8023e-08,2.33256e-09
416.321,2.48268e-08,3.20806e-09
417.117,1.98966e-08,2.55314e-09
417.989,2.16078e-08,2.83561e-09
418.795,1.9477e-08,2.66442e-09
419.59,2.20176e-08,2.94098e-09
420.474,1.86457e-08,2.55197e-09
421.473,1.62183e-08,2.21519e-09
422.566,1.65787e-08,2.32166e-09
423.508,1.89767e-08,2.60097e-09
424.401,1.74801e-08,2.34506e-09
425.489,1.64885e-08,2.20501e-09
426.444,1.69521e-08,2.1814e-09
427.499,1.9816e-08,2.49514e-09
428.479,1.62134e-08,2.08988e-09
429.458,2.06062e-08,2.69699e-09
430.348,1.72569e-08,2.27378e-09
431.178,2.3471e-08,2.9999e-09
432.015,1.72566e-08,2.26956e-09
432.872,2.45021e-08,3.22819e-09
433.663,2.10073e-08,2.7466e-09
434.665,1.6457e-08,2.11709e-09
435.649,1.63393e-08,2.12626e-09
436.605,2.11696e-08,2.81275e-09
437.662,1.59252e-08,2.06298e-09
438.59,1.85135e-08,2.46941e-09
439.497,2.32923e-08,3.02902e-09
440.306,1.97523e-08,2.64503e-09
441.211,1.67439e-08,2.16912e-09
442.217,2.02959e-08,2.7532e-09
443.117,1.75702e-08,2.32028e-09
444.176,1.57857e-08,2.1425e-09
445.109,2.16882e-08,2.91774e-09
446.072,1.85743e-08,2.41191e-09
446.967,1.95218e-08,2.62802e-09
447.955,1.60382e-08,2.12183e-09
449.007,1.61343e-08,2.19419e-09
450.14,1.57853e-08,2.10962e-09
451.185,1.67837e-08,2.24375e-09
452.322,1.42383e-08,1.881e-09
453.402,1.85554e-08,2.4863e-09
454.269,2.19166e-08,2.90298e-09
455.309,1.45924e-08,1.98294e-09
456.279,1.91724e-08,2.57636e-09
457.313,1.46376e-08,1.89678e-09
458.472,1.47713e-08,1.98773e-09
459.616,1.7163e-08,2.31193e-09
460.841,1.29955e-08,1.70517e-09
462.032,1.61585e-08,2.11164e-09
463.081,1.74059e-08,2.33639e-09
464.022,1.64147e-08,2.22192e-09
465.205,1.59557e-08,2.16583e-09
466.251,1.60072e-08,2.19301e-09
467.367,1.63819e-08,2.2172e-09
468.49,1.48186e-08,2.01654e-09
469.61,1.75504e-08,2.30636e-09
470.738,1.47568e-08,1.95534e-09
471.816,1.69228e-08,2.27469e-09
472.992,1.35141e-08,1.80418e-09
474.147,1.71461e-08,2.33595e-09
475.185,1.59233e-08,2.13514e-09
476.204,1.62591e-08,2.16511e-09
477.37,1.59054e-08,2.17417e-09
478.385,1.40927e-08,1.84222e-09
479.071,1.25146e-08,1.66405e-09
479.662,1.62444e-08,2.13701e-09
480.169,1.58991e-08,2.17636e-09
480.679,1.3585e-08,1.80272e-09
481.314,1.32337e-08,1.75468e-09
481.91,1.79634e-08,2.26609e-09
482.397,1.56429e-08,2.04909e-09
482.938,1.36644e-08,1.78792e-09
483.502,1.7103e-08,2.17686e-09
484.062,1.70147e-08,2.19805e-09
484.545,1.53883e-08,2.06906e-09
485.063,1.66176e-08,2.13574e-09
485.629,1.48691e-08,1.97501e-09
486.15,1.5643e-08,2.0339e-09
486.681,1.4784e-08,1.90644e-09
487.273,1.20441e-08,1.61063e-09
487.869,1.65203e-08,2.18439e-09
488.366,1.66752e-08,2.1816e-09
488.922,1.32477e-08,1.83768e-09
489.513,1.41509e-08,1.93663e-09
490.067,1.59302e-08,2.17296e-09
490.615,1.36829e-08,1.90231e-09
491.155,1.48221e-08,2.02973e-09
491.715,1.69356e-08,2.29768e-09
492.197,1.57932e-08,2.13908e-09
492.717,1.70598e-08,2.25747e-09
493.223,1.57094e-08,2.10877e-09
493.751,1.55944e-08,2.11641e-09
494.239,1.87501e-08,2.33435e-09
494.731,1.58454e-08,2.10008e-09
495.31,1.46453e-08,1.90704e-09
495.777,1.64963e-08,2.08502e-09
496.331,1.67374e-08,2.09047e-09
496.834,1.50332e-08,1.93725e-09
497.383,1.66171e-08,2.12922e-09
497.833,1.55176e-08,2.02986e-09
498.381,1.60205e-08,2.04966e-09
498.87,1.66169e-08,2.14369e-09
499.423,1.89615e-08,2.29353e-09
499.956,1.36371e-08,1.73549e-09
500.531,1.71997e-08,2.18166e-09
501.106,1.28473e-08,1.67345e-09
501.697,1.7164e-08,2.25298e-09
502.216,1.7824e-08,2.25091e-09
502.727,1.39153e-08,1.86171e-09
503.335,1.68057e-08,2.19377e-09
503.876,1.40453e-08,1.90568e-09
504.451,1.31246e-08,1.76632e-09
505.087,1.30874e-08,1.76556e-09
505.728,1.30079e-08,1.77685e-09
506.32,1.47969e-08,1.98452e-09
506.828,1.80346e-08,2.3253e-09
507.354,1.57346e-08,2.14588e-09
507.874,1.4987e-08,1.99952e-09
508.461,1.40925e-08,1.93298e-09
509.064,1.33553e-08,1.77317e-09
509.587,1.63545e-08,2.16613e-09
510.123,1.46336e-08,1.97398e-09
510.669,1.29114e-08,1.75604e-09
511.308,1.55582e-08,2.0063e-09
511.835,1.53217e-08,1.99339e-09
512.401,1.45435e-08,1.87161e-09
512.938,1.57288e-08,2.08535e-09
513.466,1.45268e-08,1.92472e-09
514.033,1.57385e-08,2.00718e-09
514.607,1.20761e-08,1.63133e-09
515.202,1.5838e-08,2.09353e-09
515.764,1.28545e-08,1.68038e-09
516.349,1.60645e-08,2.07765e-09
516.87,1.45266e-08,1.91923e-09
517.441,1.46093e-08,1.9131e-09
518.064,1.37354e-08,1.78332e-09
518.604,1.54237e-08,2.00561e-09
519.165,1.47971e-08,1.94696e-09
519.72,1.45893e-08,1.89053e-09
520.312,1.31802e-08,1.7763e-09
520.868,1.50515e-08,2.01107e-09
521.47,1.28829e-08,1.74162e-09
522.118,1.17566e-08,1.55841e-09
522.759,1.55898e-08,2.08825e-09
523.263,1.41076e-08,1.87138e-09
523.891,1.30945e-08,1.80993e-09
524.539,1.28045e-08,1.66636e-09
525.21,1.21674e-08,1.59997e-09
525.786,1.65653e-08,2.15763e-09
526.286,1.64215e-08,2.16093e-09
526.819,1.53988e-08,2.08989e-09
527.431,1.43689e-08,1.91349e-09
527.963,1.33396e-08,1.77831e-09
528.568,1.41038e-08,1.86397e-09
529.203,1.20039e-08,1.63664e-09
529.84,1.32223e-08,1.78692e-09
530.484,1.38147e-08,1.8509e-09
531.125,1.27077e-08,1.72141e-09
531.798,1.14837e-08,1.56697e-09
532.418,1.44527e-08,1.88551e-09
533.106,1.10581e-08,1.49338e-09
533.709,1.38526e-08,1.80472e-09
534.388,1.11738e-08,1.46376e-09
535.03,1.24062e-08,1.65245e-09
535.742,9.74132e-09,1.26416e-09
536.583,1.0513e-08,1.38901e-09
537.306,1.14405e-08,1.46471e-09
538.005,1.31028e-08,1.67851e-09
538.65,1.28009e-08,1.67566e-09
539.264,1.28562e-08,1.65419e-09
539.865,1.39373e-08,1.78834e-09
540.471,1.12699e-08,1.59404e-09
541.077,1.48296e-08,1.96584e-09
541.703,1.20945e-08,1.57175e-09
542.397,1.20668e-08,1.59238e-09
543.099,1.06268e-08,1.43061e-09
543.741,1.41058e-08,1.84365e-09
544.321,1.35286e-08,1.74097e-09
545,1.14458e-08,1.51682e-09
545.857,8.9892e-09,1.20702e-09
546.481,1.62216e-08,2.11363e-09
547.099,1.2897e-08,1.66969e-09
547.755,1.19699e-08,1.57504e-09
548.447,1.16495e-08,1.51644e-09
549.126,1.24066e-08,1.66424e-09
549.778,1.25872e-08,1.67012e-09
550.536,1.04906e-08,1.37683e-09
551.227,1.16814e-08,1.54828e-09
551.942,1.06267e-08,1.43964e-09
552.73,1.05751e-08,1.40669e-09
553.424,1.13334e-08,1.49556e-09
554.161,1.22186e-08,1.58457e-09
554.858,1.12855e-08,1.46741e-09
555.539,1.36272e-08,1.79367e-09
556.322,1.01656e-08,1.41194e-09
556.962,1.37872e-08,1.8272e-09
557.572,1.31604e-08,1.82658e-09
558.178,1.21729e-08,1.67567e-09
558.888,1.07917e-08,1.49199e-09
559.62,1.27307e-08,1.73537e-09
560.287,1.09592e-08,1.50118e-09
561.069,1.03031e-08,1.41908e-09
561.862,1.14772e-08,1.54935e-09
562.579,1.18568e-08,1.65053e-09
563.34,9.26476e-09,1.25567e-09
564.153,1.06998e-08,1.49799e-09
564.99,1.00412e-08,1.39633e-09
565.71,1.35338e-08,1.77799e-09
566.362,1.1693e-08,1.54591e-09
567.203,1.00086e-08,1.34062e-09
567.959,1.08867e-08,1.45019e-09
568.776,1.0523e-08,1.3962e-09
569.497,1.24873e-08,1.66967e-09
570.174,1.08521e-08,1.52715e-09
570.904,1.27993e-08,1.74026e-09
571.597,1.24628e-08,1.69215e-09
572.346,1.02755e-08,1.34726e-09
573.245,9.30391e-09,1.22257e-09
574.073,1.15345e-08,1.48118e-09
574.714,1.18321e-08,1.5202e-09
575.331,1.30151e-08,1.66104e-09
576.049,1.124e-08,1.40731e-09
576.635,1.5872e-08,2.0261e-09
577.34,1.11376e-08,1.43856e-09
578.066,9.23336e-09,1.19114e-09
578.885,9.01426e-09,1.19528e-09
579.858,9.03212e-09,1.16143e-09
580.716,1.05114e-08,1.34478e-09
581.533,8.49427e-09,1.10479e-09
582.425,1.10221e-08,1.47923e-09
583.207,9.92431e-09,1.30413e-09
583.878,1.22785e-08,1.6129e-09
584.635,9.59563e-09,1.28617e-09
585.486,9.68642e-09,1.27122e-09
586.283,1.02973e-08,1.3506e-09
587.102,1.18282e-08,1.55491e-09
587.81,9.33076e-09,1.22162e-09
588.671,1.08527e-08,1.40475e-09
589.427,1.20112e-08,1.55317e-09
590.188,9.00836e-09,1.16369e-09
591.017,1.09556e-08,1.41383e-09
591.67,1.33692e-08,1.72348e-09
592.376,9.70073e-09,1.28892e-09
593.194,1.18321e-08,1.55343e-09
593.991,8.81889e-09,1.13236e-09
594.819,9.77432e-09,1.24028e-09
595.756,8.93369e-09,1.14359e-09
596.587,1.09386e-08,1.4491e-09
597.397,8.48893e-09,1.13488e-09
598.199,1.07316e-08,1.40687e-09
599.007,1.01308e-08,1.31626e-09
599.896,9.28028e-09,1.2208e-09
600.634,1.15522e-08,1.49073e-09
601.325,1.02428e-08,1.32311e-09
602.23,9.23319e-09,1.20618e-09
603.185,8.05826e-09,1.03505e-09
604.069,1.05278e-08,1.36237e-09
604.951,8.84709e-09,1.1297e-09
605.754,1.23573e-08,1.57361e-09
606.469,9.56326e-09,1.24279e-09
607.316,1.03215e-08,1.31574e-09
608.122,9.18357e-09,1.18584e-09
608.95,1.0237e-08,1.38305e-09
609.727,1.07722e-08,1.38841e-09
610.511,9.57941e-09,1.27281e-09
611.349,9.35272e-09,1.22043e-09
612.155,1.2015e-08,1.55505e-09
612.83,1.15483e-08,1.48203e-09
613.577,1.27273e-08,1.70457e-09
614.217,1.07164e-08,1.42296e-09
614.95,1.24276e-08,1.63619e-09
615.654,9.89908e-09,1.30589e-09
616.374,1.32973e-08,1.72184e-09
617.048,1.32073e-08,1.7254e-09
617.694,1.18141e-08,1.52459e-09
618.311,1.49609e-08,1.94694e-09
619.003,9.50815e-09,1.27384e-09
619.748,1.34027e-08,1.77358e-09
620.39,1.17582e-08,1.53746e-09
621.102,1.14936e-08,1.50033e-09
621.827,1.04038e-08,1.37138e-09
622.517,1.2822e-08,1.66136e-09
623.199,1.27351e-08,1.66251e-09
623.863,1.11414e-08,1.47009e-09
624.544,1.3061e-08,1.70614e-09
625.211,1.19414e-08,1.56047e-09
625.812,1.69559e-08,2.13542e-09
626.399,1.20577e-08,1.54346e-09
627.076,1.26579e-08,1.66608e-09
627.781,1.02144e-08,1.32451e-09
628.487,1.4587e-08,1.87095e-09
629.099,1.17881e-08,1.53433e-09
629.721,1.40522e-08,1.78436e-09
630.4,9.90077e-09,1.28059e-09
631.142,1.28909e-08,1.69935e-09
631.781,1.1153e-08,1.40919e-09
632.477,1.25691e-08,1.64814e-09
633.191,1.03129e-08,1.3753e-09
634.031,9.36599e-09,1.1976e-09
634.78,1.2764e-08,1.65575e-09
635.34,1.49005e-08,1.9841e-09
636.094,9.31489e-09,1.23769e-09
636.889,1.01237e-08,1.37778e-09
637.607,1.32422e-08,1.74659e-09
638.187,1.33161e-08,1.78928e-09
638.854,1.34997e-08,1.79369e-09
639.456,1.33445e-08,1.77104e-09
640.171,1.02753e-08,1.40385e-09
640.871,1.11272e-08,1.50281e-09
641.66,1.05753e-08,1.38602e-09
642.378,1.23711e-08,1.61083e-09
643.091,1.2523e-08,1.62671e-09
643.693,1.30865e-08,1.734e-09
644.422,1.05359e-08,1.4431e-09
645.225,1.03879e-08,1.38796e-09
645.948,1.31727e-08,1.75593e-09
646.542,1.33737e-08,1.88492e-09
647.186,1.25422e-08,1.70615e-09
647.807,1.39063e-08,1.88064e-09
648.383,1.35391e-08,1.80376e-09
649.071,1.18628e-08,1.53961e-09
649.711,1.36222e-08,1.76258e-09
650.411,1.12612e-08,1.47425e-09
651.101,1.07992e-08,1.39261e-09
651.874,1.12544e-08,1.52451e-09
652.531,1.17508e-08,1.49127e-09
653.148,1.37828e-08,1.76395e-09
653.854,1.05208e-08,1.34841e-09
654.607,1.31901e-08,1.66411e-09
655.232,1.12455e-08,1.46206e-09
655.9,1.38326e-08,1.79558e-09
656.478,1.32255e-08,1.69691e-09
657.197,1.16786e-08,1.48351e-09
657.838,1.20573e-08,1.56596e-09
658.468,1.40721e-08,1.77173e-09
659,1.48677e-08,1.91325e-09
659.608,1.23393e-08,1.60627e-09
660.236,1.32092e-08,1.75846e-09
660.883,1.19458e-08,1.52507e-09
661.557,1.07658e-08,1.42003e-09
662.319,1.2288e-08,1.5871e-09
662.936,1.2471e-08,1.57755e-09
663.603,1.3568e-08,1.75309e-09
664.162,1.40273e-08,1.81276e-09
664.781,1.31422e-08,1.66347e-09
665.379,1.28275e-08,1.7123e-09
666.051,1.24221e-08,1.60623e-09
666.708,1.19657e-08,1.55015e-09
667.421,1.15556e-08,1.48739e-09
668.091,1.10922e-08,1.44803e-09
668.81,1.24558e-08,1.63347e-09
669.439,1.19344e-08,1.57104e-09
670.152,1.12022e-08,1.46779e-09
670.91,1.24547e-08,1.62583e-09
671.535,1.35977e-08,1.85294e-09
672.111,1.23587e-08,1.66866e-09
672.781,1.27419e-08,1.70397e-09
673.368,1.49772e-08,1.96467e-09
674.094,1.0154e-08,1.37229e-09
674.868,1.03337e-08,1.41508e-09
675.574,1.37186e-08,1.80163e-09
676.256,1.07502e-08,1.46914e-09
676.988,1.13055e-08,1.50119e-09
677.682,1.37183e-08,1.80637e-09
678.369,1.15718e-08,1.52528e-09
679.068,1.23149e-08,1.68975e-09
679.816,1.07076e-08,1.41492e-09
680.672,8.79939e-09,1.18705e-09
681.368,1.63111e-08,2.20732e-09
681.976,1.02011e-08,1.35834e-09
682.731,1.21661e-08,1.61065e-09
683.408,1.41008e-08,1.85786e-09
684.083,9.95625e-09,1.32253e-09
684.835,1.21758e-08,1.57223e-09
685.579,9.97887e-09,1.32248e-09
686.312,1.12301e-08,1.46744e-09
687.071,1.22208e-08,1.59448e-09
687.831,9.47284e-09,1.20976e-09
688.54,1.41196e-08,1.8784e-09
689.202,1.05695e-08,1.42026e-09
689.898,1.13544e-08,1.49277e-09
690.631,1.05802e-08,1.37557e-09
691.382,1.23586e-08,1.6053e-09
692.027,1.1689e-08,1.53205e-09
692.735,1.1959e-08,1.53108e-09
693.598,8.54539e-09,1.09131e-09
694.294,1.22608e-08,1.66731e-09
694.995,1.25146e-08,1.59214e-09
695.602,1.36786e-08,1.77487e-09
696.231,1.23459e-08,1.56608e-09
696.909,1.0836e-08,1.39237e-09
697.57,1.2862e-08,1.66132e-09
698.392,1.00453e-08,1.31981e-09
699.01,1.27075e-08,1.69552e-09
699.655,1.26589e-08,1.63141e-09
700.349,1.14512e-08,1.53154e-09
701.111,1.12852e-08,1.49999e-09
701.692,1.25488e-08,1.6594e-09
702.472,1.08039e-08,1.43353e-09
703.165,1.17974e-08,1.53929e-09
703.78,1.51938e-08,2.01373e-09
704.364,1.31911e-08,1.70531e-09
704.984,1.35848e-08,1.76662e-09
705.569,1.22388e-08,1.56904e-09
706.182,1.31911e-08,1.68444e-09
706.817,1.39499e-08,1.76302e-09
707.419,1.40416e-08,1.79825e-09
708.034,1.03121e-08,1.33839e-09
708.867,1.07881e-08,1.37753e-09
709.516,1.44743e-08,1.85406e-09
710.062,1.37613e-08,1.86176e-09
710.634,1.40841e-08,1.83466e-09
711.29,1.261e-08,1.64843e-09
711.908,1.26331e-08,1.68813e-09
712.572,1.28028e-08,1.67839e-09
713.302,1.03277e-08,1.39733e-09
713.972,1.23354e-08,1.65362e-09
714.598,1.28509e-08,1.74193e-09
715.231,1.42124e-08,1.88998e-09
715.938,1.06146e-08,1.42728e-09
716.582,1.25733e-08,1.69008e-09
717.222,1.40295e-08,1.82424e-09
717.819,1.2623e-08,1.65252e-09
718.565,1.07326e-08,1.43267e-09
719.287,1.13373e-08,1.51912e-09
720,1.17168e-08,1.53367e-09
720.65,1.35432e-08,1.76739e-09
721.25,1.48538e-08,1.93479e-09
721.823,1.2671e-08,1.6869e-09
722.461,1.13978e-08,1.49103e-09
723.175,1.29161e-08,1.6678e-09
723.84,1.11361e-08,1.49936e-09
724.575,1.1327e-08,1.47613e-09
725.219,1.32034e-08,1.7579e-09
725.892,1.25007e-08,1.66067e-09
726.514,1.40027e-08,1.84204e-09
727.166,1.21625e-08,1.66214e-09
727.833,1.20222e-08,1.60792e-09
728.465,1.3125e-08,1.77021e-09
729.063,1.30461e-08,1.77478e-09
729.735,1.215e-08,1.61683e-09
730.407,1.19395e-08,1.5708e-09
731.089,1.21399e-08,1.62676e-09
731.74,1.1393e-08,1.51058e-09
732.421,1.17269e-08,1.54045e-09
733.183,1.14224e-08,1.48714e-09
733.869,1.18173e-08,1.63565e-09
734.539,1.30843e-08,1.7061e-09
735.198,1.09597e-08,1.45882e-09
736.036,1.04617e-08,1.39378e-09
736.706,1.28334e-08,1.67658e-09
737.356,1.28632e-08,1.69587e-09
738.029,1.06352e-08,1.42939e-09
738.821,9.59424e-09,1.26291e-09
739.727,9.98525e-09,1.3262e-09
740.517,9.60536e-09,1.28769e-09
741.354,9.01679e-09,1.23247e-09
742.166,1.12436e-08,1.47304e-09
742.967,1.13694e-08,1.47202e-09
743.788,8.36466e-09,1.08073e-09
744.624,1.21083e-08,1.64329e-09
745.327,1.01993e-08,1.34002e-09
746.063,1.31196e-08,1.68656e-09
746.693,1.34988e-08,1.75079e-09
747.489,8.31292e-09,1.07699e-09
748.424,1.02221e-08,1.33626e-09
749.144,1.22815e-08,1.58743e-09
749.766,1.27787e-08,1.68475e-09
750.517,9.97754e-09,1.30056e-09
751.423,8.49117e-09,1.12902e-09
752.291,9.24651e-09,1.21617e-09
753.121,9.66991e-09,1.23265e-09
754.038,8.56282e-09,1.11411e-09
754.925,9.93739e-09,1.26625e-09
755.752,1.08927e-08,1.40207e-09
756.564,9.17552e-09,1.18179e-09
757.507,9.02372e-09,1.15381e-09
758.286,1.11507e-08,1.42977e-09
759.259,8.18827e-09,1.06451e-09
760.212,9.19369e-09,1.1997e-09
761.077,1.01595e-08,1.3436e-09
761.897,9.1754e-09,1.20121e-09
762.832,8.08803e-09,1.07674e-09
763.629,1.2218e-08,1.58937e-09
764.542,8.37013e-09,1.10814e-09
765.365,9.37316e-09,1.2251e-09
766.314,8.67933e-09,1.1314e-09
767.275,8.83884e-09,1.12668e-09
768.249,8.82471e-09,1.15045e-09
769.082,1.00348e-08,1.31631e-09
769.965,8.36875e-09,1.08494e-09
770.888,9.71625e-09,1.25804e-09
771.692,8.76248e-09,1.12287e-09
772.647,1.01921e-08,1.33682e-09
773.589,7.63611e-09,1.01458e-09
774.479,1.09295e-08,1.39616e-09
775.334,7.64896e-09,1.02079e-09
776.357,8.50849e-09,1.11489e-09
777.279,8.29414e-09,1.10937e-09
778.278,8.70947e-09,1.12839e-09
779.236,8.61219e-09,1.11481e-09
780.068,1.06862e-08,1.39658e-09
780.901,9.86096e-09,1.27459e-09
781.998,6.3199e-09,8.26815e-10
783.059,7.32306e-09,9.56661e-10
784.216,7.75132e-09,1.02915e-09
785.173,8.98019e-09,1.17813e-09
786.251,7.27667e-09,9.43075e-10
787.158,9.94379e-09,1.27131e-09
788.086,7.16823e-09,9.23023e-10
789.353,6.85767e-09,8.88462e-10
790.415,8.13944e-09,1.03946e-09
791.444,7.5138e-09,9.78678e-10
792.513,6.60639e-09,8.6319e-10
793.581,8.99796e-09,1.16799e-09
794.553,7.90904e-09,1.06491e-09
795.394,1.12082e-08,1.43611e-09
796.43,6.97889e-09,8.9221e-10
797.49,7.92861e-09,1.02275e-09
798.443,8.95345e-09,1.1684e-09
799.459,7.4872e-09,9.7834e-10
800.531,7.59099e-09,9.83181e-10
801.526,9.5322e-09,1.23393e-09
802.423,8.52234e-09,1.09593e-09
803.445,7.6257e-09,9.83499e-10
804.477,7.65741e-09,9.59975e-10
805.6,7.54108e-09,9.50171e-10
806.62,8.18755e-09,1.03175e-09
807.624,8.44777e-09,1.07712e-09
808.553,7.81083e-09,9.9051e-10
809.53,9.71642e-09,1.22699e-09
810.406,9.83965e-09,1.26788e-09
811.237,8.00297e-09,1.06599e-09
812.335,7.78182e-09,1.02218e-09
813.251,8.52859e-09,1.10231e-09
814.333,7.88054e-09,9.91189e-10
815.235,9.11682e-09,1.15342e-09
816.275,7.55479e-09,9.51465e-10
817.224,9.77774e-09,1.23228e-09
818.166,7.23838e-09,9.23917e-10
819.177,9.15797e-09,1.18451e-09
820.113,7.4295e-09,9.52608e-10
821.261,7.63154e-09,9.91901e-10
822.243,8.12176e-09,1.02538e-09
823.219,7.91087e-09,1.034e-09
824.282,8.49547e-09,1.09096e-09
825.242,8.2124e-09,1.09183e-09
826.189,8.56758e-09,1.13017e-09
827.061,8.67718e-09,1.16775e-09
828.181,7.68662e-09,9.98259e-10
829.264,7.03708e-09,9.10677e-10
830.34,7.6188e-09,9.92979e-10
831.278,1.07301e-08,1.34267e-09
832.36,6.33557e-09,8.22564e-10
833.539,8.25949e-09,1.0663e-09
834.644,6.77532e-09,9.16496e-10
835.81,7.88388e-09,1.08806e-09
836.855,8.07523e-09,1.11099e-09
837.874,9.30536e-09,1.26942e-09
838.819,8.55364e-09,1.15753e-09
839.773,8.98392e-09,1.19476e-09
840.834,7.64742e-09,1.01862e-09
841.794,9.06551e-09,1.19989e-09
842.979,6.88649e-09,9.34532e-10
843.937,8.37446e-09,1.07499e-09
844.947,7.2808e-09,9.59834e-10
846.173,6.94682e-09,9.11544e-10
847.19,8.75382e-09,1.14654e-09
848.086,8.11244e-09,1.03952e-09
849.192,7.46013e-09,9.75226e-10
850.226,7.54242e-09,9.95587e-10
851.384,7.09209e-09,9.06836e-10
852.485,7.38841e-09,9.50752e-10
853.577,8.48792e-09,1.10173e-09
854.603,7.93632e-09,1.06043e-09
855.645,7.87349e-09,1.0416e-09
856.585,9.23521e-09,1.2407e-09
857.579,7.91124e-09,1.05659e-09
858.692,7.48492e-09,1.02293e-09
859.589,7.90932e-09,1.05295e-09
860.686,9.41657e-09,1.20781e-09
861.661,7.61701e-09,9.83506e-10
862.571,1.01444e-08,1.3231e-09
863.466,8.01046e-09,1.04488e-09
864.384,1.0504e-08,1.3562e-09
865.336,7.11813e-09,9.28684e-10
866.449,9.07123e-09,1.19626e-09
867.274,9.98069e-09,1.33189e-09
868.062,9.92376e-09,1.27242e-09
868.965,8.34111e-09,1.09346e-09
869.952,8.32422e-09,1.08219e-09
870.951,8.94696e-09,1.18943e-09
871.814,9.36208e-09,1.25887e-09
872.777,8.29597e-09,1.09316e-09
873.629,9.7329e-09,1.25719e-09
874.559,9.26544e-09,1.20919e-09
875.363,9.80888e-09,1.32012e-09
876.329,7.53366e-09,1.00346e-09
877.538,6.96513e-09,9.08669e-10
878.556,8.01057e-09,1.08212e-09
879.442,9.55897e-09,1.27441e-09
880.393,8.59381e-09,1.10717e-09
881.328,8.40942e-09,1.09197e-09
882.31,6.91261e-09,8.96688e-10
883.429,9.01259e-09,1.15624e-09
884.353,9.53094e-09,1.22209e-09
885.231,9.23415e-09,1.17123e-09
886.169,8.53678e-09,1.11688e-09
887.207,7.02505e-09,9.09855e-10
888.262,7.17248e-09,9.39651e-10
889.373,8.72781e-09,1.13254e-09
890.258,9.49839e-09,1.25979e-09
891.152,7.80207e-09,1.02461e-09
892.215,7.75152e-09,1.00764e-09
893.238,6.83717e-09,8.98111e-10
894.461,8.22546e-09,1.06916e-09
895.375,8.39655e-09,1.08007e-09
896.497,7.62527e-09,9.92128e-10
897.566,7.54968e-09,9.67404e-10
898.741,6.93159e-09,8.9436e-10
900.024,7.05729e-09,9.28237e-10
901.164,6.95285e-09,9.21265e-10
902.331,6.92291e-09,9.24969e-10
903.497,6.93231e-09,9.12124e-10
904.748,6.95481e-09,9.28887e-10
905.756,9.18459e-09,1.23413e-09
906.646,9.01878e-09,1.15806e-09
907.51,8.44276e-09,1.078e-09
908.585,7.70345e-09,1.00776e-09
909.852,6.00603e-09,7.7198e-10
910.982,7.3385e-09,9.27778e-10
912.122,6.97869e-09,9.11531e-10
913.245,7.86718e-09,9.98716e-10
914.245,7.46098e-09,9.71263e-10
915.296,8.33936e-09,1.06733e-09
916.496,5.76146e-09,7.64583e-10
917.67,7.73815e-09,1.00836e-09
918.765,7.42022e-09,1.0004e-09
919.909,6.40803e-09,8.48253e-10
920.954,8.69804e-09,1.14238e-09
922.014,7.62613e-09,9.82624e-10
923.148,6.78327e-09,8.92812e-10
924.262,7.47949e-09,9.5217e-10
925.524,6.62533e-09,8.44174e-10
926.822,5.29345e-09,6.81016e-10
928.122,8.43866e-09,1.08209e-09
929.171,7.16622e-09,9.34961e-10
930.396,6.86676e-09,9.03902e-10
931.443,7.49537e-09,1.01366e-09
932.643,6.81901e-09,9.05631e-10
933.742,6.64937e-09,8.6989e-10
935.022,7.13697e-09,9.2215e-10
936.194,7.84229e-09,1.01069e-09
937.294,7.47385e-09,9.67244e-10
938.463,6.0918e-09,8.07517e-10
939.795,5.98027e-09,7.78702e-10
940.922,7.80204e-09,9.88786e-10
942.144,6.24726e-09,7.84924e-10
943.308,7.45059e-09,9.74609e-10
944.628,5.78762e-09,7.49364e-10
946.001,5.95249e-09,7.80244e-10
947.164,7.32386e-09,9.91709e-10
948.293,7.35614e-09,1.00264e-09
949.609,6.39093e-09,8.41028e-10
950.622,6.95292e-09,9.03129e-10
951.834,6.75926e-09,8.73887e-10
953.213,6.11722e-09,7.94118e-10
954.339,7.77129e-09,1.00405e-09
955.454,6.10565e-09,7.76817e-10
956.835,6.27204e-09,7.94747e-10
958.12,6.31361e-09,8.24802e-10
959.515,5.72835e-09,7.38777e-10
960.884,6.40513e-09,8.24707e-10
962.173,6.45296e-09,8.25498e-10
963.412,6.09923e-09,7.79329e-10
964.681,6.85698e-09,8.95643e-10
965.944,6.27296e-09,8.38275e-10
967.334,6.151e-09,8.11228e-10
968.576,6.09688e-09,8.0402e-10
970.118,4.88993e-09,6.44571e-10
971.401,7.62199e-09,9.67595e-10
972.919,4.41142e-09,5.86496e-10
974.584,6.70409e-09,8.94817e-10
975.91,5.86475e-09,8.32087e-10
977.363,5.79066e-09,7.89211e-10
978.962,4.96344e-09,6.63907e-10
980.471,5.67377e-09,7.542e-10
981.92,5.94992e-09,7.68788e-10
983.285,5.48307e-09,7.31246e-10
984.616,6.7108e-09,8.77142e-10
985.875,6.37924e-09,8.11744e-10
987.275,5.8686e-09,7.69906e-10
988.643,5.33704e-09,6.92603e-10
990.002,7.16251e-09,9.12558e-10
991.376,5.62045e-09,7.25336e-10
992.626,6.63982e-09,8.55636e-10
994.03,5.76955e-09,7.19854e-10
995.239,6.91823e-09,8.67969e-10
996.591,5.76963e-09,7.35683e-10
998.174,4.98807e-09,6.64703e-10
999.676,5.4048e-09,6.90767e-10
1001.08,6.95552e-09,9.08938e-10
1002.36,5.36336e-09,6.90207e-10
1003.76,6.42208e-09,8.60375e-10
1005.14,5.96811e-09,7.83658e-10
1006.52,6.02021e-09,7.89647e-10
1008.01,5.17507e-09,6.94934e-10
1009.48,5.44714e-09,7.04319e-10
1010.95,7.27793e-09,9.43745e-10
1012.46,4.70646e-09,6.18947e-10
1013.92,6.03156e-09,7.71812e-10
1015.32,5.45849e-09,6.94454e-10
1016.83,6.23155e-09,7.84043e-10
1018.24,4.86611e-09,6.39474e-10
1019.7,6.07952e-09,7.9365e-10
1021.05,5.95922e-09,7.82646e-10
1022.47,6.25083e-09,8.55765e-10
1023.9,5.55243e-09,7.57144e-10
1025.28,5.73012e-09,7.62954e-10
1026.65,5.2664e-09,6.98728e-10
1028.29,4.9894e-09,6.6667e-10
1029.85,5.51217e-09,7.12667e-10
1031.17,6.16001e-09,8.18759e-10
1032.47,5.67969e-09,7.47437e-10
1034.04,5.43499e-09,6.98855e-10
1035.41,7.15772e-09,8.9249e-10
1036.52,6.97762e-09,8.80205e-10
1038.01,5.08297e-09,6.42038e-10
1039.51,5.28443e-09,6.97896e-10
1041.08,4.75556e-09,6.21627e-10
1042.43,7.2279e-09,9.32143e-10
1043.69,5.23887e-09,6.83034e-10
1045.22,6.13218e-09,8.00871e-10
1046.76,5.47254e-09,7.04546e-10
1048.04,5.76012e-09,7.66914e-10
1049.55,5.57709e-09,7.28785e-10
1051.02,4.40944e-09,5.71172e-10
1052.81,5.56513e-09,7.14419e-10
1054.5,4.14822e-09,5.49816e-10
1056.39,4.49668e-09,5.79041e-10
1057.98,5.38032e-09,6.90943e-10
1059.7,4.59476e-09,6.18287e-10
1061.33,4.88206e-09,6.389e-10
1062.82,6.06535e-09,7.97165e-10
1064.37,4.93242e-09,6.48357e-10
1065.97,4.5861e-09,5.91341e-10
1067.77,4.87041e-09,6.28782e-10
1069.28,4.877e-09,6.26511e-10
1071.11,4.59491e-09,5.88033e-10
1072.79,5.06383e-09,6.48632e-10
1074.4,5.58905e-09,7.2996e-10
1075.93,4.93336e-09,6.43613e-10
1077.41,5.58082e-09,7.334e-10
1079.03,5.32114e-09,6.88895e-10
1080.64,4.73601e-09,6.10545e-10
1082.23,5.89999e-09,7.6677e-10
1083.77,4.3154e-09,5.72461e-10
1085.42,5.3184e-09,6.74903e-10
1086.94,5.17702e-09,6.77842e-10
1088.67,4.25375e-09,5.68798e-10
1090.36,5.32622e-09,6.73848e-10
1091.88,5.61915e-09,7.19891e-10
1093.45,4.30225e-09,5.67278e-10
1095.39,4.47388e-09,5.71818e-10
1096.99,6.13085e-09,7.93439e-10
1098.28,5.51838e-09,7.08846e-10
1099.95,4.64308e-09,5.91029e-10
1101.75,4.43682e-09,5.60927e-10
1103.41,5.24326e-09,6.69593e-10
1105.19,4.52421e-09,5.71369e-10
1106.77,5.3799e-09,7.02616e-10
1108.48,4.0615e-09,5.27204e-10
1110.26,5.18236e-09,6.6248e-10
1111.88,4.69121e-09,6.13708e-10
1113.52,5.60162e-09,7.29082e-10
1114.95,5.55026e-09,7.03899e-10
1116.35,6.61747e-09,8.36576e-10
1117.72,5.84576e-09,7.41986e-10
1118.69,3.41097e-09,5.18199e-10
1119.23,3.93734e-09,5.24646e-10
1119.92,4.67721e-09,5.86159e-10
1120.5,4.93249e-09,6.10309e-10
1121.08,4.99157e-09,6.17619e-10
1121.77,4.25082e-09,5.1933e-10
1122.44,4.72301e-09,5.84389e-10
1123.05,4.5495e-09,5.5582e-10
1123.74,4.67588e-09,5.71259e-10
1124.31,3.63021e-09,5.51507e-10
1124.86,5.24279e-09,6.48703e-10
1125.47,4.22072e-09,5.2224e-10
1126.1,3.80866e-09,5.53638e-10
1126.72,4.56192e-09,5.57336e-10
1127.39,4.07582e-09,4.97949e-10
1128.11,3.6714e-09,5.61835e-10
1128.66,4.70956e-09,5.82725e-10
1129.28,5.36136e-09,6.55006e-10
1129.88,4.68954e-09,5.72928e-10
1130.5,4.68947e-09,5.72919e-10
1131.11,5.39586e-09,6.59221e-10
1131.68,3.7441e-09,5.58144e-10
1132.19,3.89076e-09,5.51955e-10
1132.83,4.35348e-09,5.38665e-10
1133.53,4.53092e-09,5.60621e-10
1134.15,3.80713e-09,5.6754e-10
1134.65,3.88081e-09,5.8706e-10
1135.2,3.93482e-09,5.21187e-10
1135.87,4.37633e-09,5.41493e-10
1136.52,3.6785e-09,5.58842e-10
1137.09,4.64452e-09,5.74677e-10
1137.65,3.68311e-09,5.49053e-10
1138.27,5.3271e-09,6.59134e-10
1138.79,3.89716e-09,5.92062e-10
1139.33,4.43038e-09,5.41267e-10
1140.01,3.47189e-09,5.27454e-10
1140.55,4.90545e-09,6.30811e-10
1141.15,3.47867e-09,5.18576e-10
1141.7,3.84284e-09,5.8381e-10
1142.27,4.2639e-09,5.27582e-10
1142.95,4.51288e-09,5.51346e-10
1143.58,5.08279e-09,6.28905e-10
1144.22,4.45762e-09,5.51552e-10
1144.9,4.34956e-09,5.31393e-10
1145.55,4.15875e-09,5.21184e-10
1146.19,3.82214e-09,5.69102e-10
1146.85,4.56183e-09,5.57325e-10
1147.48,5.14347e-09,6.44591e-10
1148.07,4.66293e-09,5.69677e-10
1148.7,5.06734e-09,6.26993e-10
1149.22,3.8066e-09,5.67461e-10
1149.75,3.85617e-09,5.85835e-10
1150.24,3.71482e-09,5.64361e-10
1150.87,3.63388e-09,4.5311e-10
1151.63,5.31035e-09,6.65506e-10
1152.23,4.47573e-09,5.60909e-10
1152.87,5.48466e-09,6.7007e-10
1153.35,3.50123e-09,5.21939e-10
1153.98,3.47278e-09,5.2759e-10
1154.56,3.13268e-09,4.66998e-10
1155.13,3.91145e-09,5.94233e-10
1155.72,3.2313e-09,4.90904e-10
1156.27,3.92798e-09,5.77111e-10
1156.84,4.27858e-09,5.36203e-10
1157.47,5.66434e-09,7.04365e-10
1158.08,4.67716e-09,5.71417e-10
1158.68,5.11548e-09,6.3295e-10
1159.22,3.68374e-09,5.49146e-10
1159.88,4.66431e-09,5.69845e-10
1160.5,4.67717e-09,5.71416e-10
1161.15,4.23654e-09,5.37796e-10
1161.76,3.69091e-09,5.60727e-10
1162.38,4.66375e-09,5.69777e-10
1163.02,4.50669e-09,5.57622e-10
1163.7,4.48745e-09,5.62377e-10
1164.32,3.31615e-09,4.94348e-10
1164.89,4.85201e-09,5.92778e-10
1165.56,4.60636e-09,5.69955e-10
1166.21,4.66375e-09,5.69778e-10
1166.87,4.58751e-09,5.60464e-10
1167.5,4.06737e-09,5.09732e-10
1168.23,4.4268e-09,5.36838e-10
1168.84,5.63087e-09,6.87933e-10
1169.42,4.4541e-09,5.44165e-10
1170.08,3.90719e-09,5.47123e-10
1170.61,3.45094e-09,5.24271e-10
1171.19,3.88382e-09,5.90034e-10
1171.81,3.96201e-09,4.84045e-10
1172.46,3.8001e-09,5.70771e-10
1172.99,3.88467e-09,5.90164e-10
1173.57,5.04173e-09,6.11411e-10
1174.13,5.21206e-09,6.44901e-10
1174.66,6.37201e-09,7.50964e-10
1175.29,4.21354e-09,5.28051e-10
1175.92,5.03879e-09,6.23463e-10
1176.47,3.67485e-09,5.69053e-10
1176.98,3.88678e-09,5.79416e-10
1177.56,4.89104e-09,6.05181e-10
1178.2,4.757e-09,5.81171e-10
1178.78,3.63158e-09,5.51716e-10
1179.33,3.52347e-09,5.25255e-10
1179.9,4.69084e-09,5.73088e-10
1180.53,3.93347e-09,5.71781e-10
1181.11,4.54451e-09,5.62303e-10
1181.76,3.63682e-09,5.42152e-10
1182.26,3.92979e-09,5.67224e-10
1182.94,4.10761e-09,5.14775e-10
1183.59,4.43454e-09,5.48696e-10
1184.22,4.77761e-09,5.91146e-10
1184.9,4.43031e-09,5.41258e-10
1185.48,5.6117e-09,6.85591e-10
1186.1,4.30858e-09,5.3311e-10
1186.73,3.84132e-09,5.19469e-10
1187.44,3.37529e-09,5.03165e-10
1187.99,3.91066e-09,5.70435e-10
1188.57,3.65929e-09,5.45502e-10
1189.13,4.31671e-09,5.2738e-10
1189.84,4.28897e-09,5.37505e-10
1190.5,4.05722e-09,5.08461e-10
1191.18,5.07088e-09,6.19519e-10
1191.85,3.25337e-09,4.74559e-10
1192.45,3.13969e-09,4.76987e-10
1193.1,3.20236e-09,4.86507e-10
1193.74,4.46834e-09,5.52877e-10
1194.28,3.81551e-09,5.79656e-10
1194.99,2.77707e-09,4.13986e-10
1195.54,3.36389e-09,5.01464e-10
1196.19,3.84227e-09,5.22874e-10
1196.84,4.37816e-09,5.48679e-10
1197.46,3.88196e-09,5.89751e-10
1197.99,3.27761e-09,5.07538e-10
1198.54,3.79117e-09,5.45366e-10
1199.21,4.93503e-09,6.0292e-10
1199.83,3.92141e-09,5.04908e-10
1200.54,4.1357e-09,5.1172e-10
1201.21,3.41756e-09,5.192e-10
1201.72,3.83134e-09,5.7115e-10
1202.33,4.60359e-09,5.58277e-10
1202.93,3.96584e-09,5.72428e-10
1203.53,4.32411e-09,5.48913e-10
1204.26,4.25159e-09,5.2606e-10
1204.84,3.83933e-09,5.54167e-10
1205.51,4.39743e-09,5.44104e-10
1206.14,4.46816e-09,5.52856e-10
1206.78,4.71569e-09,5.90982e-10
1207.43,3.88702e-09,4.82134e-10
1208.1,3.88307e-09,5.6641e-10
1208.66,3.52088e-09,5.24869e-10
1209.19,5.68495e-09,6.94539e-10
1209.79,4.42829e-09,5.4101e-10
1210.52,4.18909e-09,5.24984e-10
1211.17,4.22813e-09,5.16556e-10
1211.82,3.52564e-09,5.35618e-10
1212.4,3.83125e-09,5.71135e-10
1212.97,4.80785e-09,5.87381e-10
1213.6,4.42828e-09,5.41008e-10
1214.25,3.91719e-09,5.08596e-10
1214.97,4.86402e-09,5.94243e-10
1215.51,3.96166e-09,5.77874e-10
1216.12,4.32949e-09,5.35697e-10
1216.72,3.6294e-09,5.51382e-10
1217.33,4.21981e-09,5.22125e-10
1218.02,4.84999e-09,5.9253e-10
1218.59,3.83944e-09,5.94538e-10
1219.2,4.27153e-09,5.21858e-10
1219.84,3.9523e-09,5.8918e-10
1220.36,3.70171e-09,5.62367e-10
1220.86,3.64625e-09,5.43557e-10
1221.43,3.42841e-09,5.20849e-10
1222.09,4.49992e-09,5.49761e-10
1222.71,3.90065e-09,4.94113e-10
1223.43,4.56664e-09,5.6504e-10
1224.02,3.8644e-09,5.57785e-10
1224.61,3.68196e-09,5.4888e-10
1225.2,4.0862e-09,5.05595e-10
1225.94,4.28424e-09,5.23413e-10
1226.64,4.12674e-09,5.0417e-10
1227.33,4.90893e-09,5.99732e-10
1227.91,3.7695e-09,5.61931e-10
1228.43,3.76671e-09,5.69801e-10
1228.99,3.81388e-09,5.58132e-10
1229.59,3.58434e-09,5.44538e-10
1230.16,3.91764e-09,5.00295e-10
1230.81,3.63099e-09,5.51626e-10
1231.43,4.43504e-09,5.48759e-10
1232,3.81445e-09,5.60429e-10
1232.66,4.15231e-09,5.29617e-10
1233.34,4.58743e-09,5.74908e-10
1233.93,3.73221e-09,5.56371e-10
1234.5,3.16679e-09,4.81103e-10
1235.19,4.48282e-09,5.54669e-10
1235.77,4.70749e-09,5.70878e-10
1236.41,3.84759e-09,5.26906e-10
1237.02,3.78178e-09,5.63761e-10
1237.54,3.87027e-09,5.87976e-10
1238.03,3.98156e-09,5.93542e-10
1238.55,3.61888e-09,5.49786e-10
1239.1,3.80415e-09,5.77931e-10
1239.67,4.47755e-09,5.47029e-10
1240.31,3.84607e-09,5.73346e-10
1240.84,3.93989e-09,5.87331e-10
1241.41,4.40726e-09,5.38442e-10
1242.01,3.77843e-09,5.74025e-10
1242.59,3.28711e-09,4.9002e-10
1243.19,4.58743e-09,5.60454e-10
1243.8,3.95952e-09,5.49095e-10
1244.39,3.93566e-09,5.45787e-10
1245.03,4.21067e-09,5.20997e-10
1245.72,3.56706e-09,5.31753e-10
1246.26,3.67867e-09,5.58869e-10
1246.85,4.99402e-09,6.10129e-10
1247.48,4.47593e-09,5.46832e-10
1248.09,4.4405e-09,5.42504e-10
1248.8,4.38637e-09,5.42736e-10
1249.4,3.84629e-09,5.49478e-10
1250,3.42083e-09,5.29716e-10
1250.56,3.67254e-09,5.68692e-10
1251.11,4.39431e-09,5.36859e-10
1251.82,3.92574e-09,5.01328e-10
1252.5,3.87103e-09,5.77065e-10
1253.04,3.09503e-09,4.70201e-10
1253.68,3.62288e-09,5.40073e-10
1254.19,3.49193e-09,5.58548e-10
1254.78,3.46789e-09,5.47452e-10
1255.35,3.98136e-09,5.36854e-10
1255.92,3.7959e-09,5.51782e-10
1256.58,4.48791e-09,5.51098e-10
1257.19,5.02411e-09,6.13803e-10
1257.75,3.50199e-09,5.16347e-10
1258.44,4.17681e-09,5.10287e-10
1259.13,4.85092e-09,5.92644e-10
1259.69,3.97523e-09,5.62189e-10
1260.34,4.21361e-09,5.34886e-10
1261.03,4.40686e-09,5.41145e-10
1261.62,3.65378e-09,5.55088e-10
1262.26,4.46483e-09,5.45475e-10
1262.89,3.92443e-09,4.93185e-10
1263.6,4.77684e-09,5.91049e-10
1264.22,4.63095e-09,5.72999e-10
1264.87,3.65382e-09,5.55094e-10
1265.45,3.81857e-09,4.7614e-10
1266.13,3.85848e-09,5.75196e-10
1266.72,4.47683e-09,5.46943e-10
1267.38,3.52191e-09,5.25023e-10
1267.94,3.43669e-09,5.12318e-10
1268.5,3.68328e-09,5.49079e-10
1269.04,3.93159e-09,5.79689e-10
1269.55,3.63206e-09,5.73368e-10
1270.16,4.37644e-09,5.41507e-10
1270.85,2.69897e-09,4.17937e-10
1271.52,3.9247e-09,5.96246e-10
1271.99,3.80413e-09,5.77928e-10
1272.6,4.75059e-09,5.87801e-10
1273.14,3.6359e-09,5.42015e-10
1273.69,3.89681e-09,5.11684e-10
1274.35,3.98151e-09,5.93536e-10
1274.87,3.08879e-09,4.63933e-10
1275.58,4.80529e-09,5.9457e-10
1276.17,3.98852e-09,5.6407e-10
1276.65,3.83308e-09,5.71409e-10
1277.33,3.9796e-09,4.92406e-10
1278.06,4.10696e-09,5.08163e-10
1278.77,4.44286e-09,5.42791e-10
1279.42,4.75695e-09,5.81163e-10
1280.01,3.98561e-09,5.6938e-10
1280.54,3.62505e-09,5.40396e-10
1281.1,3.57341e-09,5.42877e-10
1281.66,3.67955e-09,5.59001e-10
1282.22,3.38877e-09,5.14826e-10
1282.77,3.6962e-09,5.51003e-10
1283.34,3.47316e-09,5.27647e-10
1284.01,4.25465e-09,5.26439e-10
1284.66,4.77043e-09,5.82812e-10
1285.29,3.07776e-09,4.76593e-10
1285.86,3.83852e-09,5.76543e-10
1286.34,3.90417e-09,5.86404e-10
1286.95,4.96376e-09,6.1418e-10
1287.53,3.91304e-09,5.4265e-10
1288.1,3.79536e-09,5.65786e-10
1288.64,3.20369e-09,4.86709e-10
1289.28,3.5899e-09,5.35156e-10
1289.84,2.93691e-09,4.37814e-10
1290.52,3.64627e-09,5.37619e-10
1291.1,3.58949e-09,5.29248e-10
1291.64,3.93968e-09,5.87299e-10
1292.14,3.78157e-09,5.6373e-10
1292.71,3.44722e-09,5.13887e-10
1293.29,3.53339e-09,5.26732e-10
1293.86,5.08612e-09,6.21378e-10
1294.38,3.47611e-09,5.38276e-10
1295.03,4.56136e-09,5.71639e-10
1295.66,3.9417e-09,4.87716e-10
1296.41,3.36515e-09,5.01653e-10
1297,3.80703e-09,5.67526e-10
1297.53,4.63821e-09,5.81272e-10
1298.16,3.96387e-09,5.1606e-10
1298.78,3.97631e-09,5.80011e-10
1299.33,3.91024e-09,5.32124e-10
1299.95,3.89175e-09,5.73814e-10
1300.54,4.27787e-09,5.36113e-10
1301.16,3.51606e-09,5.34164e-10
1301.75,4.76915e-09,5.82655e-10
1302.41,4.29477e-09,5.247e-10
1303.09,3.98124e-09,5.09754e-10
1303.77,2.98818e-09,4.53969e-10
1304.4,3.07261e-09,4.58044e-10
1305.02,3.86343e-09,5.80283e-10
1305.64,4.23407e-09,5.30625e-10
1306.34,4.31772e-09,5.302e-10
1306.92,3.89912e-09,5.81253e-10
1307.5,3.72418e-09,4.96243e-10
1308.15,3.88359e-09,5.90001e-10
1308.67,3.96744e-09,5.91438e-10
1309.17,3.6544e-09,5.55181e-10
1309.77,3.9431e-09,5.07701e-10
1310.51,4.51341e-09,5.5423e-10
1311.12,3.58969e-09,5.35126e-10
1311.64,3.71958e-09,5.5449e-10
1312.16,3.71965e-09,5.54499e-10
1312.73,3.35539e-09,5.00198e-10
1313.35,3.6189e-09,5.49788e-10
1313.84,3.81733e-09,5.79935e-10
1314.35,3.85682e-09,5.85933e-10
1314.94,3.63207e-09,5.7337e-10
1315.46,3.63586e-09,5.42008e-10
1315.99,3.69863e-09,5.72734e-10
1316.53,3.53367e-09,5.26775e-10
1317.11,3.59559e-09,5.46247e-10
1317.66,3.35729e-09,5.10044e-10
1318.31,4.38428e-09,5.35634e-10
1318.93,4.69699e-09,5.81169e-10
1319.58,3.79123e-09,5.75968e-10
1320.06,3.82009e-09,5.69473e-10
1320.61,3.76568e-09,5.72087e-10
1321.1,3.6908e-09,5.60711e-10
1321.7,4.63753e-09,5.66574e-10
1322.36,4.53613e-09,5.68478e-10
1323.01,3.78991e-09,5.12515e-10
1323.62,3.98326e-09,5.52386e-10
1324.27,2.97535e-09,4.43544e-10
1324.9,3.64728e-09,5.43711e-10
1325.52,4.22968e-09,5.16747e-10
1326.15,3.68285e-09,5.49014e-10
1326.7,3.86981e-09,5.87906e-10
1327.23,3.98694e-09,5.47656e-10
1327.83,3.43658e-09,5.12301e-10
1328.43,3.51579e-09,5.34124e-10
1328.92,3.87211e-09,5.77227e-10
1329.47,3.65426e-09,5.55159e-10
1329.99,3.85648e-09,5.85882e-10
1330.57,4.88147e-09,5.91976e-10
1331.17,3.47887e-09,5.18606e-10
1331.73,3.61788e-09,5.43402e-10
1332.34,3.12338e-09,4.65611e-10
1333.01,4.41847e-09,5.3981e-10
1333.61,3.34701e-09,5.08481e-10
1334.21,4.58704e-09,5.60405e-10
1334.93,3.36506e-09,5.01639e-10
1335.47,3.47896e-09,5.18619e-10
1336.07,3.56142e-09,5.34922e-10
1336.58,3.92591e-09,5.85247e-10
1337.18,3.10631e-09,4.63067e-10
1337.81,3.07039e-09,4.66458e-10
1338.46,3.46048e-09,5.10226e-10
1339.04,3.56676e-09,5.31707e-10
1339.62,3.11321e-09,4.72963e-10
1340.19,3.79092e-09,5.75923e-10
1340.81,4.12792e-09,5.17321e-10
1341.52,4.11762e-09,5.16031e-10
1342.19,3.39538e-09,5.0616e-10
1342.78,3.72746e-09,5.66281e-10
1343.3,3.76661e-09,5.87368e-10
1343.82,3.68594e-09,5.47487e-10
1344.43,3.24002e-09,5.01718e-10
1344.95,3.87839e-09,5.71845e-10
1345.51,3.85138e-09,5.54028e-10
1346.08,3.40826e-09,5.17788e-10
1346.7,3.015e-09,4.49454e-10
1347.38,4.12693e-09,5.10634e-10
1348.05,3.23985e-09,4.92202e-10
1348.72,4.34981e-09,5.31422e-10
1349.4,4.62466e-09,5.65002e-10
1350.03,4.1709e-09,5.29463e-10
1350.77,2.89485e-09,4.39789e-10
1351.38,3.50473e-09,5.32442e-10
1352.03,2.76436e-09,4.12091e-10
1352.74,2.55803e-09,3.81332e-10
1353.52,4.22992e-09,5.16776e-10
1354.21,4.67645e-09,5.71329e-10
1354.79,3.65931e-09,5.45504e-10
1355.33,3.41138e-09,5.28252e-10
1355.93,3.6665e-09,5.57019e-10
1356.45,3.91261e-09,5.83264e-10
1356.97,3.53352e-09,5.26752e-10
1357.58,3.35087e-09,5.28979e-10
1358.09,3.80408e-09,5.77921e-10
1358.75,2.83612e-09,4.30867e-10
1359.35,4.98084e-09,6.08518e-10
1359.96,3.12359e-09,4.65643e-10
1360.58,3.54986e-09,5.393e-10
1361.23,2.93314e-09,4.45608e-10
1361.84,3.561e-09,5.40992e-10
1362.46,4.19832e-09,5.12916e-10
1363.22,2.71852e-09,4.13001e-10
1363.85,3.89913e-09,5.81256e-10
1364.32,3.655e-09,5.55272e-10
1364.9,3.80909e-09,5.24782e-10
1365.53,3.8729e-09,5.77344e-10
1366.09,3.29808e-09,5.01049e-10
1366.71,4.41933e-09,5.39916e-10
1367.3,3.87669e-09,5.69573e-10
1367.92,3.35575e-09,5.00251e-10
1368.54,3.15801e-09,4.7977e-10
1369.11,3.13904e-09,4.86081e-10
1369.79,4.15995e-09,5.21335e-10
1370.5,4.36208e-09,5.32923e-10
1371.14,3.21274e-09,4.78934e-10
1371.76,3.9378e-09,5.66461e-10
1372.27,3.92023e-09,5.69857e-10
1372.85,3.67912e-09,5.58938e-10
1373.43,3.38595e-09,5.04755e-10
1374.03,3.10683e-09,4.63146e-10
1374.75,2.66101e-09,3.96686e-10
1375.43,3.04839e-09,4.54434e-10
1376.1,2.95715e-09,4.49255e-10
1376.77,2.84164e-09,4.23613e-10
1377.54,2.80812e-09,4.26615e-10
1378.18,2.98885e-09,4.5407e-10
1378.89,4.11711e-09,5.02995e-10
1379.5,3.49475e-09,5.30928e-10
1380.14,3.34603e-09,4.98803e-10
1380.72,3.03205e-09,4.51997e-10
1381.39,3.21301e-09,4.78974e-10
1382.02,4.51265e-09,5.65537e-10
1382.68,3.376e-09,5.03271e-10
1383.2,3.89256e-09,5.73934e-10
1383.79,3.11404e-09,4.73089e-10
1384.48,2.7392e-09,4.16143e-10
1385.13,3.28829e-09,4.99562e-10
1385.72,3.39417e-09,5.05979e-10
1386.33,3.21097e-09,4.78668e-10
1386.94,3.3146e-09,4.94118e-10
1387.62,4.16576e-09,5.05181e-10
1388.34,2.75775e-09,4.18961e-10
1389.03,3.03833e-09,4.52932e-10
1389.67,3.92082e-09,5.527e-10
1390.23,4.76518e-09,6.04903e-10
1390.85,3.78627e-09,5.86303e-10
1391.42,3.11371e-09,4.6417e-10
1392.07,3.24793e-09,4.84178e-10
1392.62,3.91086e-09,5.62583e-10
1393.17,3.88405e-09,5.79006e-10
1393.71,3.42058e-09,5.29678e-10
1394.33,3.89119e-09,5.16857e-10
1395.02,3.98881e-09,4.98609e-10
1395.66,3.63055e-09,5.7313e-10
1396.25,3.24896e-09,4.84332e-10
1396.85,3.07252e-09,4.5803e-10
1397.57,2.86519e-09,4.35283e-10
1398.19,3.34523e-09,4.98683e-10
1398.76,3.69059e-09,5.60679e-10
1399.32,3.6357e-09,5.41985e-10
1399.91,3.25859e-09,4.85768e-10
1400.54,3.12057e-09,4.83221e-10
1401.1,3.64926e-09,5.65088e-10
1401.71,3.39546e-09,5.06171e-10
1402.26,3.69506e-09,5.50833e-10
1402.79,3.12201e-09,4.743e-10
1403.41,3.57794e-09,5.54044e-10
1404.04,3.21224e-09,4.78859e-10
1404.67,3.23057e-09,4.81591e-10
1405.24,3.46837e-09,5.1704e-10
1405.81,3.96732e-09,5.25492e-10
1406.42,3.9414e-09,5.68899e-10
1407.02,3.84422e-09,5.03381e-10
1407.72,2.84594e-09,4.40694e-10
1408.37,3.60723e-09,5.48015e-10
1408.95,4.67666e-09,5.71355e-10
1409.57,2.90615e-09,4.50018e-10
1410.29,4.17763e-09,5.10388e-10
1410.95,3.61267e-09,5.38551e-10
1411.56,3.20297e-09,4.866e-10
1412.17,4.10707e-09,5.08178e-10
1412.82,3.67401e-09,5.68922e-10
1413.4,2.67941e-09,4.07061e-10
1414.12,3.43698e-09,5.12361e-10
1414.69,3.44746e-09,5.13924e-10
1415.36,2.91797e-09,4.43304e-10
1416,3.58974e-09,5.35134e-10
1416.55,3.49002e-09,5.20269e-10
1417.18,3.42672e-09,5.10833e-10
1417.74,3.98066e-09,4.92538e-10
1418.45,3.17713e-09,4.73625e-10
1419.11,3.39653e-09,5.06332e-10
1419.61,3.69622e-09,5.51008e-10
1420.27,4.65193e-09,5.68336e-10
1420.84,3.88655e-09,5.27324e-10
1421.54,4.20461e-09,5.33746e-10
1422.23,3.35822e-09,5.10187e-10
1422.78,3.9258e-09,5.96414e-10
1423.32,3.03235e-09,4.52042e-10
1423.95,3.68421e-09,5.49217e-10
1424.5,3.27839e-09,4.8872e-10
1425.13,3.04044e-09,4.53247e-10
1425.83,2.94542e-09,4.39083e-10
1426.42,3.76262e-09,5.32122e-10
1427.08,3.22215e-09,5.08659e-10
1427.65,3.39659e-09,5.0634e-10
1428.24,3.36421e-09,5.01513e-10
1428.8,3.87008e-09,5.52875e-10
1429.49,2.77696e-09,4.13969e-10
1430.1,3.52095e-09,5.24878e-10
1430.69,3.47473e-09,5.38062e-10
1431.22,3.58811e-09,5.34889e-10
1431.84,2.99176e-09,4.63273e-10
1432.48,3.52094e-09,5.24876e-10
1433.06,3.23846e-09,4.82766e-10
1433.68,3.18314e-09,4.83585e-10
1434.25,3.89225e-09,5.34648e-10
1434.94,2.84449e-09,4.4047e-10
1435.55,3.26656e-09,4.86955e-10
1436.24,2.67197e-09,3.98319e-10
1436.94,3.93806e-09,5.87057e-10
1437.54,2.88322e-09,4.29809e-10
1438.17,3.90405e-09,5.04018e-10
1438.81,3.8707e-09,5.77016e-10
1439.3,3.97955e-09,5.93243e-10
1439.94,2.79753e-09,4.17036e-10
1440.57,3.62896e-09,5.51316e-10
1441.13,3.10701e-09,5.00116e-10
1441.8,3.0219e-09,4.50483e-10
1442.38,3.59934e-09,5.36564e-10
1443.05,2.72993e-09,4.06958e-10
1443.77,2.60296e-09,3.95445e-10
1444.6,2.59819e-09,3.8732e-10
1445.26,3.27286e-09,4.82561e-10
1445.87,3.44165e-09,5.1693e-10
1446.42,3.768e-09,5.59674e-10
1446.97,3.33397e-09,4.97004e-10
1447.63,3.42483e-09,5.10548e-10
1448.18,3.43848e-09,5.22378e-10
1448.76,3.33396e-09,4.97004e-10
1449.36,3.40533e-09,5.07642e-10
1449.95,3.3281e-09,5.05609e-10
1450.68,2.47209e-09,3.75563e-10
1451.4,2.85144e-09,4.33194e-10
1452,3.94739e-09,5.63921e-10
1452.6,3.67484e-09,5.69049e-10
1453.11,3.65545e-09,5.55342e-10
1453.72,4.08746e-09,4.99372e-10
1454.38,3.3967e-09,5.06357e-10
1455.01,3.26954e-09,4.96714e-10
1455.65,2.98904e-09,4.541e-10
1456.28,4.46686e-09,5.45725e-10
1456.94,3.41706e-09,5.09393e-10
1457.54,3.00516e-09,4.56548e-10
1458.16,3.95476e-09,5.89548e-10
1458.7,3.42006e-09,5.1958e-10
1459.26,3.797e-09,5.81056e-10
1459.82,3.57336e-09,5.4287e-10
1460.32,3.95397e-09,5.8943e-10
1460.92,3.02362e-09,4.5074e-10
1461.63,2.67976e-09,3.99479e-10
1462.45,2.5567e-09,3.88418e-10
1463.06,3.54501e-09,5.28465e-10
1463.62,3.73213e-09,5.5636e-10
1464.22,3.2124e-09,4.88031e-10
1464.86,2.79219e-09,4.1624e-10
1465.5,3.63095e-09,5.51619e-10
1466.04,3.35754e-09,5.10082e-10
1466.66,3.39593e-09,5.06242e-10
1467.27,3.36565e-09,5.01729e-10
1467.84,3.45109e-09,5.24295e-10
1468.4,3.82038e-09,5.69516e-10
1468.97,3.55001e-09,5.39322e-10
1469.53,3.25996e-09,5.04805e-10
1470.1,3.3959e-09,5.06238e-10
1470.7,3.58333e-09,5.44384e-10
1471.31,2.79072e-09,4.16021e-10
1472,2.82563e-09,4.21226e-10
1472.69,3.33411e-09,4.97026e-10
1473.35,3.27606e-09,4.88372e-10
1473.92,3.05847e-09,4.73605e-10
1474.54,3.79276e-09,5.65397e-10
1475.09,3.62906e-09,5.51331e-10
1475.57,3.76754e-09,5.61638e-10
1476.11,3.44589e-09,5.13689e-10
1476.72,3.65774e-09,5.45269e-10
1477.33,3.0465e-09,4.5415e-10
1477.95,3.56551e-09,5.3152e-10
1478.48,3.95189e-09,5.8912e-10
1478.99,3.96575e-09,5.55323e-10
1479.58,3.37844e-09,5.23152e-10
1480.16,3.25765e-09,4.94906e-10
1480.76,3.64789e-09,5.64876e-10
1481.28,3.72259e-09,5.76443e-10
1481.81,3.87161e-09,5.42142e-10
1482.43,3.20289e-09,4.86587e-10
1483.09,3.23994e-09,4.82988e-10
1483.75,2.88453e-09,4.30006e-10
1484.36,3.35528e-09,5.00182e-10
1484.98,2.89083e-09,4.47646e-10
1485.68,2.75796e-09,4.11138e-10
1486.36,3.64942e-09,5.65113e-10
1486.99,2.67269e-09,4.13866e-10
1487.66,3.32718e-09,5.0547e-10
1488.22,3.57829e-09,5.33425e-10
1488.79,3.26628e-09,4.9984e-10
1489.5,2.55059e-09,3.87488e-10
1490.17,3.68322e-09,5.49068e-10
1490.82,2.85545e-09,4.2567e-10
1491.54,2.59074e-09,4.01177e-10
1492.15,3.74045e-09,5.68255e-10
1492.74,3.08129e-09,4.59337e-10
1493.39,3.06236e-09,4.65238e-10
1494.05,3.1659e-09,4.9024e-10
1494.57,3.47942e-09,5.18688e-10
1495.28,3.36761e-09,5.11611e-10
1495.75,3.82031e-09,5.69505e-10
1496.34,3.34559e-09,4.98738e-10
1496.94,3.15674e-09,4.88823e-10
1497.59,3.04801e-09,4.54376e-10
1498.23,3.83326e-09,5.71436e-10
1498.71,3.78813e-09,5.86593e-10
1499.29,3.24953e-09,4.84417e-10
1499.89,3.97156e-09,5.35533e-10
1500.54,3.24025e-09,4.83034e-10
1501.13,2.95637e-09,4.35898e-10
1501.79,3.85942e-09,5.75335e-10
1502.35,2.88031e-09,4.37581e-10
1502.94,3.97237e-09,5.85701e-10
1503.57,4.03763e-09,4.93285e-10
1504.44,2.72539e-09,4.14046e-10
1505.08,3.29896e-09,5.10844e-10
1505.56,3.3881e-09,5.14726e-10
1506.26,2.67311e-09,4.06102e-10
1506.96,2.74471e-09,4.09163e-10
1507.65,3.3677e-09,5.11625e-10
1508.33,3.10582e-09,4.6649e-10
1508.9,3.45824e-09,5.1553e-10
1509.48,3.28726e-09,4.90042e-10
1510.05,3.57853e-09,5.33463e-10
1510.63,3.7076e-09,5.52703e-10
1511.17,3.85944e-09,5.75337e-10
1511.77,2.89217e-09,4.31144e-10
1512.37,3.18233e-09,5.22402e-10
1513.03,3.20345e-09,4.77548e-10
1513.6,3.76503e-09,5.55129e-10
1514.17,3.16642e-09,4.81046e-10
1514.88,3.13216e-09,4.66921e-10
1515.44,3.58385e-09,5.44463e-10
1516.05,2.87856e-09,4.54418e-10
1516.65,3.87662e-09,5.82264e-10
1517.11,3.96748e-09,5.91444e-10
1517.78,2.79882e-09,4.17228e-10
1518.39,3.26795e-09,4.87163e-10
1519.06,3.01523e-09,4.49489e-10
1519.66,3.8071e-09,5.67536e-10
1520.3,2.99923e-09,4.47105e-10
1520.91,2.93312e-09,4.45604e-10
1521.64,2.87269e-09,4.36423e-10
1522.27,3.48985e-09,5.20243e-10
1522.84,3.53833e-09,5.37548e-10
1523.42,2.66651e-09,4.051e-10
1524.16,3.26877e-09,4.96596e-10
1524.72,3.75315e-09,5.70183e-10
1525.25,3.53382e-09,5.26797e-10
1525.91,3.87842e-09,4.87404e-10
1526.7,2.39473e-09,3.7804e-10
1527.39,3.28815e-09,4.9954e-10
1528.05,3.06455e-09,4.56841e-10
1528.63,3.58989e-09,5.35156e-10
1529.27,2.53338e-09,3.84874e-10
1530.04,3.05159e-09,4.7254e-10
1530.63,3.56728e-09,5.31785e-10
1531.28,2.50497e-09,3.80559e-10
1532.15,2.42323e-09,3.6814e-10
1532.8,3.74092e-09,5.51575e-10
1533.32,3.76583e-09,5.72109e-10
1533.91,2.96802e-09,4.42451e-10
1534.61,2.89222e-09,4.31151e-10
1535.26,3.65531e-09,5.55319e-10
1535.8,3.59048e-09,5.35242e-10
1536.31,3.88654e-09,5.79377e-10
1536.95,2.82173e-09,4.2382e-10
1537.65,2.69292e-09,4.16998e-10
1538.41,2.66079e-09,4.0423e-10
1539.06,3.40948e-09,5.17973e-10
1539.73,2.58665e-09,3.92968e-10
1540.45,3.37029e-09,5.2189e-10
1541.05,3.14162e-09,4.68331e-10
1541.73,3.07333e-09,4.58151e-10
1542.36,3.28525e-09,4.93442e-10
1542.97,2.73246e-09,4.1512e-10
1543.62,3.75749e-09,5.60142e-10
1544.17,3.48002e-09,5.18778e-10
1544.72,3.87323e-09,5.77396e-10
1545.26,2.85588e-09,4.25735e-10
1545.97,3.73189e-09,5.56325e-10
1546.51,3.42964e-09,5.21037e-10
1547.09,3.30261e-09,4.8695e-10
1547.73,3.20299e-09,4.86603e-10
1548.36,3.25915e-09,4.95135e-10
1548.96,3.14979e-09,4.6955e-10
1549.57,2.97239e-09,4.51571e-10
1550.24,3.12221e-09,4.74331e-10
1550.91,2.99936e-09,4.47125e-10
1551.57,3.71961e-09,5.54494e-10
1552.16,3.1323e-09,4.66941e-10
1552.87,2.53903e-09,3.85732e-10
1553.62,3.08957e-09,4.60572e-10
1554.18,3.69089e-09,5.60725e-10
1554.73,2.8952e-09,4.39843e-10
1555.38,3.67865e-09,5.58865e-10
1555.99,2.85075e-09,4.33089e-10
1556.73,2.5566e-09,3.88402e-10
1557.46,3.03985e-09,4.53159e-10
1558.21,2.26564e-09,3.44199e-10
1558.94,3.75685e-09,5.60045e-10
1559.6,2.67938e-09,4.14903e-10
1560.27,2.88332e-09,4.46483e-10
1561.06,2.26492e-09,3.53193e-10
1561.75,3.4372e-09,5.12395e-10
1562.3,3.80454e-09,5.77991e-10
1562.88,3.24946e-09,4.84407e-10
1563.46,3.29682e-09,4.91468e-10
1564.12,3.13112e-09,4.75685e-10
1564.76,3.03166e-09,4.5194e-10
1565.47,2.76482e-09,4.12161e-10
1566.21,2.5566e-09,3.88404e-10
1566.98,2.89212e-09,4.31137e-10
1567.61,3.42677e-09,5.1084e-10
1568.17,3.54485e-09,5.28443e-10
1568.82,2.74468e-09,4.09158e-10
1569.54,2.51053e-09,3.81404e-10
1570.25,3.50107e-09,5.21916e-10
1570.82,3.18536e-09,4.74852e-10
1571.53,2.7636e-09,4.53664e-10
1572.13,3.76585e-09,5.72113e-10
1572.73,3.03726e-09,4.61426e-10
1573.33,3.24944e-09,4.84404e-10
1573.94,3.98599e-09,5.87709e-10
1574.45,3.90037e-09,5.61076e-10
1575.04,3.23086e-09,4.81634e-10
1575.65,3.11368e-09,4.73034e-10
1576.26,3.07926e-09,4.67806e-10
1576.9,3.43711e-09,5.1238e-10
1577.63,2.488e-09,3.7798e-10
1578.35,3.48977e-09,5.2023e-10
1578.93,2.9136e-09,4.51171e-10
1579.57,3.33535e-09,4.97211e-10
1580.17,3.30729e-09,5.02448e-10
1580.79,3.22135e-09,4.80216e-10
1581.43,3.01523e-09,4.49489e-10
1582.09,3.36724e-09,5.11556e-10
1582.74,2.54265e-09,3.9373e-10
1583.4,3.78343e-09,5.18121e-10
1584.07,3.0704e-09,4.66459e-10
1584.69,3.8272e-09,5.64296e-10
1585.24,2.94458e-09,4.38957e-10
1586,2.65426e-09,3.95679e-10
1586.8,2.53517e-09,3.77925e-10
1587.49,3.32555e-09,4.9575e-10
1588.14,3.0474e-09,4.54285e-10
1588.78,2.83324e-09,4.22359e-10
1589.45,3.09719e-09,4.61708e-10
1590.1,3.24885e-09,4.9357e-10
1590.74,3.04463e-09,4.62545e-10
1591.37,3.48637e-09,5.39865e-10
1592.04,2.34535e-09,3.49628e-10
1592.77,3.51532e-09,5.34052e-10
1593.37,3.11428e-09,4.64254e-10
1594.08,2.54415e-09,3.8651e-10
1594.84,2.50106e-09,3.7284e-10
1595.53,3.26728e-09,4.87064e-10
1596.26,2.42589e-09,3.61634e-10
1597.04,3.18321e-09,4.92921e-10
1597.79,2.32179e-09,3.5953e-10
1598.49,3.38704e-09,5.14564e-10
1599.06,2.94338e-09,4.38778e-10
1599.77,2.87144e-09,4.36233e-10
1600.35,3.9015e-09,5.86e-10
1601,2.85192e-09,4.4162e-10
1601.71,2.77397e-09,4.37908e-10
1602.31,3.61094e-09,5.38293e-10
1602.88,3.50344e-09,5.32247e-10
1603.46,3.25917e-09,5.24608e-10
1604.06,3.32424e-09,4.95554e-10
1604.63,3.54809e-09,5.39029e-10
1605.18,3.5079e-09,5.43199e-10
1605.76,3.30715e-09,5.12113e-10
1606.34,3.16505e-09,4.80838e-10
1606.98,2.77967e-09,4.30432e-10
1607.71,2.77021e-09,4.12962e-10
1608.5,2.61635e-09,3.90027e-10
1609.17,3.52094e-09,5.24877e-10
1609.8,2.95878e-09,4.41074e-10
1610.54,2.52777e-09,3.99042e-10
1611.22,3.37391e-09,5.02959e-10
1611.82,2.86868e-09,4.27643e-10
1612.47,3.27611e-09,4.88379e-10
1613.17,2.69115e-09,4.01177e-10
1613.8,3.30489e-09,4.9267e-10
1614.56,2.56877e-09,3.82934e-10
1615.25,3.04757e-09,4.81099e-10
1615.79,3.9094e-09,5.9392e-10
1616.47,2.5379e-09,3.8556e-10
1617.24,2.52293e-09,3.761e-10
1618.01,2.62153e-09,3.98266e-10
1618.7,3.18325e-09,4.83603e-10
1619.37,3.05243e-09,4.63728e-10
1620.06,2.77748e-09,4.14047e-10
1620.7,3.01241e-09,4.57649e-10
1621.37,3.63579e-09,5.41997e-10
1622.02,2.68582e-09,4.08033e-10
1622.63,3.74024e-09,5.68223e-10
1623.18,3.52249e-09,5.25108e-10
1623.77,3.09793e-09,4.61818e-10
1624.5,2.5875e-09,3.85726e-10
1625.37,2.07946e-09,3.15915e-10
1626.2,3.03958e-09,4.5312e-10
1626.93,2.40736e-09,3.65729e-10
1627.66,3.23994e-09,4.82988e-10
1628.28,2.88755e-09,4.3868e-10
1628.92,3.86415e-09,4.81822e-10
1629.68,2.56818e-09,3.90163e-10
1630.41,3.75656e-09,5.60002e-10
1631.05,2.77163e-09,4.29189e-10
1631.71,3.09498e-09,4.6138e-10
1632.42,2.82118e-09,4.36861e-10
1633.04,3.22767e-09,4.90352e-10
1633.61,3.39234e-09,5.05706e-10
1634.32,2.76311e-09,4.19774e-10
1635.1,2.26329e-09,3.43841e-10
1635.86,3.04495e-09,4.53918e-10
1636.53,2.7155e-09,4.04807e-10
1637.25,2.71593e-09,4.12607e-10
1637.97,3.35402e-09,5.09546e-10
1638.63,2.74857e-09,4.09737e-10
1639.32,3.62131e-09,4.71461e-10
1640.06,3.31276e-09,4.93842e-10
1640.77,2.29606e-09,3.4228e-10
1641.57,2.77031e-09,4.12978e-10
1642.27,3.02892e-09,4.60157e-10
1642.9,3.32728e-09,5.05485e-10
1643.46,3.4793e-09,5.18669e-10
1644.1,2.60929e-09,4.04048e-10
1644.78,3.36749e-09,5.11593e-10
1645.4,2.85074e-09,4.33089e-10
1646.12,2.86279e-09,4.26765e-10
1646.79,3.07073e-09,4.66509e-10
1647.44,3.03717e-09,4.61411e-10
1648.22,2.35088e-09,3.50452e-10
1649.03,2.92157e-09,4.52406e-10
1649.63,3.30641e-09,4.92897e-10
1650.19,2.93721e-09,4.54827e-10
1650.9,3.05141e-09,4.72511e-10
1651.6,2.95661e-09,4.49171e-10
1652.25,3.03965e-09,4.5313e-10
1652.83,3.75661e-09,5.60009e-10
1653.42,2.82685e-09,4.21406e-10
1654.11,2.88021e-09,4.37565e-10
1654.73,3.85925e-09,5.75311e-10
1655.36,2.79354e-09,4.24399e-10
1656.04,3.4723e-09,5.27517e-10
1656.68,2.90262e-09,4.40971e-10
1657.37,2.35571e-09,3.51172e-10
1658.19,2.55246e-09,3.80503e-10
1658.93,2.83394e-09,4.22464e-10
1659.7,2.59213e-09,3.938e-10
1660.38,3.81555e-09,5.46808e-10
1661,3.52258e-09,5.25121e-10
1661.55,3.70302e-09,5.62568e-10
1662.13,2.92557e-09,4.44456e-10
1662.85,2.79863e-09,4.17201e-10
1663.6,2.44612e-09,3.78782e-10
1664.26,3.47874e-09,5.18586e-10
1664.92,2.84067e-09,4.23467e-10
1665.6,3.03916e-09,4.53057e-10
1666.26,3.02016e-09,4.58826e-10
1667.04,2.45242e-09,3.6559e-10
1667.71,2.96737e-09,4.42355e-10
1668.43,2.54431e-09,4.09542e-10
1669.19,2.72431e-09,4.06121e-10
1669.95,2.69188e-09,4.01287e-10
1670.61,3.5111e-09,5.23411e-10
1671.22,3.19369e-09,4.76094e-10
1671.95,2.71815e-09,4.12945e-10
1672.69,2.59901e-09,3.87442e-10
1673.44,2.84764e-09,4.24506e-10
1674.05,2.95566e-09,4.49028e-10
1674.69,3.20125e-09,5.05359e-10
1675.35,2.66601e-09,3.9743e-10
1676.07,3.38682e-09,5.1453e-10
1676.65,2.97047e-09,4.37977e-10
1677.43,2.30696e-09,3.43906e-10
1678.27,3.01152e-09,4.57514e-10
1678.91,3.35428e-09,5.00032e-10
1679.56,2.66575e-09,4.04984e-10
1680.29,2.89845e-09,4.32079e-10
1680.95,2.66601e-09,3.9743e-10
1681.66,3.3844e-09,5.04522e-10
1682.26,3.27652e-09,4.8844e-10
1682.95,2.3508e-09,3.57137e-10
1683.72,3.12262e-09,4.65498e-10
1684.52,2.26584e-09,3.37776e-10
1685.38,2.47687e-09,3.76288e-10
1686.16,2.62345e-09,3.91085e-10
1686.97,2.53313e-09,3.84836e-10
1687.68,2.62607e-09,3.94433e-10
1688.36,3.9633e-09,5.60502e-10
1688.94,3.31586e-09,4.94305e-10
1689.61,2.60532e-09,3.88382e-10
1690.33,3.38535e-09,5.04664e-10
1691.03,2.63493e-09,4.00302e-10
1691.73,2.84332e-09,4.31961e-10
1692.43,2.5682e-09,3.90164e-10
1693.2,2.82177e-09,4.28686e-10
1693.88,3.21228e-09,4.78864e-10
1694.59,2.25085e-09,3.48545e-10
1695.52,2.07526e-09,3.15277e-10
1696.23,3.58903e-09,5.35028e-10
1696.87,2.51562e-09,3.82176e-10
1697.74,2.77915e-09,4.22211e-10
1698.4,2.71149e-09,4.11933e-10
1699.22,2.12676e-09,3.23101e-10
1700.03,3.17431e-09,4.91542e-10
1700.7,2.8527e-09,4.4174e-10
1701.46,2.47386e-09,3.68785e-10
1702.12,2.93654e-09,4.37758e-10
1702.86,2.73813e-09,4.15979e-10
1703.59,2.62307e-09,3.91029e-10
1704.33,3.03095e-09,4.51833e-10
1704.95,2.67875e-09,4.14806e-10
1705.77,2.61161e-09,3.89321e-10
1706.47,3.23126e-09,4.90898e-10
1707.11,2.80102e-09,4.25536e-10
1707.74,3.65522e-09,5.55306e-10
1708.29,3.84667e-09,5.73435e-10
1709.04,2.29843e-09,3.55914e-10
1709.77,2.83438e-09,4.22531e-10
1710.45,2.96052e-09,4.41335e-10
1711.14,3.19469e-09,4.76242e-10
1711.78,2.69272e-09,4.09082e-10
1712.53,2.68632e-09,4.00459e-10
1713.25,2.83441e-09,4.22534e-10
1713.97,3.00776e-09,4.48377e-10
1714.56,3.29714e-09,4.91516e-10
1715.22,3.05663e-09,4.55662e-10
1715.85,3.32925e-09,5.15536e-10
1716.55,2.66042e-09,3.96597e-10
1717.22,2.96757e-09,4.42385e-10
1717.94,2.62326e-09,3.91058e-10
1718.7,2.95203e-09,4.40067e-10
1719.45,2.5272e-09,3.83936e-10
1720.17,2.5125e-09,3.74545e-10
1721.02,2.2934e-09,3.41884e-10
1721.9,2.71787e-09,4.05161e-10
1722.69,2.30745e-09,3.43978e-10
1723.41,3.25925e-09,5.04695e-10
1723.99,3.24892e-09,4.84326e-10
1724.7,2.31235e-09,3.58067e-10
1725.55,2.65645e-09,3.98995e-10
1726.21,3.27724e-09,4.88547e-10
1726.91,2.46529e-09,3.89178e-10
1727.62,3.30602e-09,4.92838e-10
1728.33,2.43879e-09,3.70504e-10
1729.07,2.90658e-09,4.33292e-10
1729.82,2.48496e-09,3.7044e-10
1730.58,2.94106e-09,4.64284e-10
1731.26,2.51263e-09,3.74565e-10
1732.09,2.57397e-09,3.91041e-10
1732.68,3.46828e-09,5.17027e-10
1733.46,2.3663e-09,3.59492e-10
1734.23,2.34576e-09,3.4969e-10
1735.16,2.35132e-09,3.57216e-10
1736.02,2.74539e-09,4.0479e-10
1736.71,2.66667e-09,3.97529e-10
1737.4,3.33535e-09,4.97211e-10
1738.17,2.32339e-09,3.81402e-10
7640.14,2.96357e-10,6.66305e-11
7654.05,3.81285e-10,8.34197e-11
7668.26,5.02802e-10,8.78894e-11
7681.52,3.32813e-10,7.1044e-11
7696.18,3.53636e-10,7.98368e-11
7712.63,2.82201e-10,6.04651e-11
7726.42,3.91834e-10,8.37467e-11
7740.03,5.54405e-10,9.97494e-11
7754.45,3.61415e-10,7.411e-11
7767.47,4.55454e-10,8.34574e-11
7783.3,2.99182e-10,6.77295e-11
7797.97,3.00344e-10,6.77123e-11
7813.37,3.62113e-10,7.4338e-11
7830.21,4.07153e-10,7.34496e-11
7845.55,3.62028e-10,7.44054e-11
7864.56,2.68782e-10,5.58152e-11
7883.47,4.39356e-10,7.59576e-11
11553.4,1.64275e-10,3.7015e-11
11611.3,1.62495e-10,3.67832e-11
11633.2,1.87638e-10,4.11251e-11
11657.3,1.55078e-10,3.4088e-11
11681.9,2.05406e-10,4.61411e-11
11703.5,1.55665e-10,3.42171e-11
11730.6,2.01632e-10,4.33482e-11
11752.4,1.8238e-10,4.10944e-11
11774.8,2.55707e-10,5.46683e-11
11795.6,1.63933e-10,3.51453e-11
11822.3,1.70269e-10,3.73727e-11
11844.2,2.68368e-10,6.06557e-11
11861.4,2.12989e-10,4.68177e-11
11886.1,1.35176e-10,3.04583e-11
11911.9,2.47045e-10,5.40665e-11
11933.5,1.42407e-10,3.13028e-11
11961.2,1.6958e-10,3.72214e-11
11983.6,2.14242e-10,4.70243e-11
12007.5,1.42766e-10,3.13818e-11
12033.9,2.12638e-10,4.66042e-11
12052.2,2.58962e-10,5.53643e-11
12074,1.49043e-10,3.34289e-11
12102.5,1.8597e-10,3.89841e-11
12124,2.03034e-10,4.58891e-11
12147.2,1.79649e-10,3.84076e-11
12179.3,1.74283e-10,3.31891e-11
12201.6,1.82997e-10,4.11072e-11
12226.2,2.18815e-10,4.49509e-11
12248.9,1.79624e-10,4.04735e-11
12274,1.41454e-10,3.12761e-11
12298.8,2.58401e-10,5.53212e-11
12316.1,2.61817e-10,5.60525e-11
12339.4,1.87707e-10,3.92435e-11
12364.4,1.42736e-10,3.15596e-11
12392.5,2.18083e-10,4.46292e-11
12411.3,2.17461e-10,4.74539e-11
12428.3,2.7338e-10,6.15043e-11
12450.1,1.74416e-10,3.80606e-11
12473,2.16417e-10,4.75018e-11
12491.5,2.06086e-10,4.63648e-11
12512.4,1.83171e-10,4.15275e-11
12536.6,1.68596e-10,3.68977e-11
12564.1,1.87554e-10,3.94737e-11
12590.5,1.57162e-10,3.43454e-11
12617.5,1.73306e-10,3.62811e-11
12646.9,1.43025e-10,3.1347e-11
12673.5,1.48398e-10,3.19038e-11
12705.6,1.21006e-10,2.69132e-11
12741.9,1.66577e-10,3.5613e-11
12767,1.37799e-10,3.09069e-11
12796.1,1.81279e-10,3.89183e-11
12817.4,2.07246e-10,4.64831e-11
12840.8,1.9209e-10,4.21623e-11
12860.4,2.60824e-10,5.57622e-11
12885.2,1.5607e-10,3.41563e-11
12906.4,1.90418e-10,4.17951e-11
12933.3,1.61604e-10,3.63572e-11
12960.3,1.44382e-10,3.17369e-11
12987.9,1.37454e-10,3.09242e-11
13013.7,2.02643e-10,4.54508e-11
13039.3,1.16633e-10,2.62399e-11
13065.3,2.97179e-10,6.35348e-11
13086.5,1.43524e-10,3.15024e-11
13115.9,1.35723e-10,3.0488e-11
13143,2.49114e-10,5.45194e-11
13162.2,2.75285e-10,5.64791e-11
13184.9,1.35625e-10,3.06065e-11
13212.8,1.71576e-10,3.755e-11
13239.5,1.35301e-10,3.03932e-11
13264.4,2.28774e-10,4.88425e-11
13287.3,1.80055e-10,3.86554e-11
13314.1,1.62619e-10,3.64182e-11
13345.8,1.01534e-10,2.28428e-11
13376.4,1.80677e-10,4.04007e-11
13400.9,1.54614e-10,3.38871e-11
13433.6,1.27937e-10,2.74664e-11
13468.3,1.23637e-10,2.77731e-11
13499.7,1.32558e-10,2.80114e-11
13530.1,1.62247e-10,3.65021e-11
13557.7,1.24708e-10,2.81427e-11
13585.5,2.2002e-10,4.71041e-11
13615.2,1.1314e-10,2.48697e-11
13641.1,2.46807e-10,5.40932e-11
13663.9,1.49283e-10,3.35339e-11
13696,1.13636e-10,2.50151e-11
13733.2,1.25482e-10,2.82306e-11
13768.3,1.29566e-10,2.77003e-11
13803.3,1.31968e-10,2.90082e-11
13827.4,1.78484e-10,3.81057e-11
13869.3,1.44479e-10,2.32442e-11
17333.8,1.32323e-10,2.97259e-11
17361.3,9.09185e-11,1.98985e-11
17392.9,1.18233e-10,2.66018e-11
17421.9,1.19006e-10,2.67757e-11
17454.1,1.2558e-10,2.75251e-11
17482.6,1.05567e-10,2.30366e-11
17510.5,1.13749e-10,2.49321e-11
17547.8,1.0087e-10,2.10894e-11
17579.3,9.99794e-11,2.2565e-11
17621,7.97036e-11,1.70407e-11
17663.6,9.76038e-11,2.13932e-11
17695.4,1.10092e-10,2.35709e-11
17733.6,8.16564e-11,1.78978e-11
17765.2,1.50399e-10,3.14448e-11
17789.8,1.43888e-10,3.08066e-11
17818.2,9.36278e-11,2.10658e-11
17854.5,9.96653e-11,2.24242e-11
17888,1.03936e-10,2.29164e-11
17914.6,1.08634e-10,2.44043e-11
17950.5,9.98676e-11,2.24349e-11
17987.2,6.87381e-11,1.54418e-11
18032.9,9.11214e-11,2.00019e-11
18066.8,1.05201e-10,2.30244e-11
18101.9,9.29972e-11,2.08592e-11
18133.8,1.4808e-10,2.9616e-11
18160.8,1.14912e-10,2.51497e-11
18194.2,1.08773e-10,2.33873e-11
18235.1,6.49962e-11,1.46238e-11
18279,9.76664e-11,2.14386e-11
18312,8.70241e-11,1.9641e-11
18348.1,1.06184e-10,2.32396e-11
18381,8.74626e-11,1.97093e-11
18426.5,6.18882e-11,1.39462e-11
18467.6,1.31719e-10,2.95445e-11
18493,1.53602e-10,3.3717e-11
18511.2,1.87119e-10,4.18411e-11
18544.3,8.47643e-11,1.8251e-11
18580.1,8.08418e-11,1.82741e-11
18628,7.62825e-11,1.72435e-11
18667.3,9.33759e-11,2.09766e-11
18697.5,9.33092e-11,2.09616e-11
18728,1.08565e-10,2.44266e-11
18761,8.7712e-11,1.96433e-11
18809.9,7.12968e-11,1.50277e-11
18851.4,1.20114e-10,2.68584e-11
18889,8.16546e-11,1.84291e-11
18922.3,1.01283e-10,2.28236e-11
18952.9,1.05028e-10,2.30546e-11
18981.1,1.35645e-10,2.98192e-11
19013.8,8.05879e-11,1.77159e-11
19053.1,9.43545e-11,2.11636e-11
19095,8.68317e-11,1.95064e-11
19127.5,8.79183e-11,1.97506e-11
19164.5,1.01188e-10,2.28734e-11
19211.3,6.23703e-11,1.40987e-11
19256.3,8.42027e-11,1.76284e-11
19294.4,1.02774e-10,2.19732e-11
19331.5,9.31351e-11,2.09876e-11
19367.3,1.04639e-10,2.3003e-11
19401.2,7.71702e-11,1.7363e-11
19453.5,7.14958e-11,1.53506e-11
19485.2,1.45906e-10,3.26257e-11
19512.8,8.73905e-11,1.95713e-11
19555.4,7.73548e-11,1.73238e-11
19597.4,8.67098e-11,1.90054e-11
19641,7.21221e-11,1.5808e-11
23064.5,6.93372e-11,1.56017e-11
23101.6,9.4372e-11,2.12348e-11
23141.2,7.67893e-11,1.63948e-11
23179,7.21627e-11,1.55842e-11
23228.2,6.5076e-11,1.39535e-11
23263.9,8.43812e-11,1.85237e-11
23305.6,6.6004e-11,1.48985e-11
23348.5,6.86979e-11,1.46881e-11
23381.7,1.31345e-10,2.87046e-11
23411,7.61065e-11,1.71518e-11
23456.9,5.66723e-11,1.2772e-11
23503.1,6.57871e-11,1.48262e-11
23547.8,5.88331e-11,1.32799e-11
23591.3,7.71784e-11,1.65484e-11
23634.7,7.2274e-11,1.54748e-11
23677.6,7.06645e-11,1.58754e-11
23711,1.0636e-10,2.22682e-11
23741.8,8.11887e-11,1.82972e-11
23788.2,5.80072e-11,1.24201e-11
23829.9,8.61139e-11,1.93767e-11
23872.1,4.66427e-11,1.04787e-11
23927.9,6.18952e-11,1.39491e-11
23970.4,7.86966e-11,1.725e-11
24008.7,5.56007e-11,1.24912e-11
24056.6,8.43369e-11,1.8514e-11
24098.9,5.57982e-11,1.2575e-11
24145.4,5.85033e-11,1.29591e-11
24204.1,5.13676e-11,1.12764e-11
24259.3,4.26908e-11,9.60594e-12
24316.1,8.30611e-11,1.82339e-11
24356.3,7.06181e-11,1.58154e-11
24403.6,4.27497e-11,9.6192e-12
24454.3,9.43345e-11,2.01408e-11
24490.6,6.94959e-11,1.56867e-11
24534.5,5.57048e-11,1.22102e-11
24578.8,4.68134e-11,1.05336e-11
24647.5,5.88233e-11,1.29324e-11
24687.6,8.55438e-11,1.92182e-11
24738,5.0265e-11,1.13459e-11
24793.1,4.87365e-11,1.09491e-11
24842.5,6.13875e-11,1.39223e-11
24886.7,6.15732e-11,1.34966e-11
24926.3,9.4436e-11,2.11495e-11
24964.6,6.61946e-11,1.48479e-11
25016.8,5.10567e-11,1.12587e-11
25059.5,7.50022e-11,1.68235e-11
25111.4,4.75444e-11,1.04371e-11
25178.4,4.72218e-11,1.03508e-11
25221.3,8.03869e-11,1.80032e-11
25259.6,6.52279e-11,1.42977e-11
25307.3,6.25575e-11,1.40541e-11
25352.7,7.26378e-11,1.55971e-11
25402.9,7.11599e-11,1.32283e-11
28829.6,3.49006e-11,7.84188e-12
28863.1,5.59688e-11,1.25757e-11
28910.2,2.98109e-11,6.53532e-12
28964.2,3.58967e-11,8.10503e-12
29003.4,3.79514e-11,8.55506e-12
29042.6,4.97796e-11,1.1167e-11
29078.5,4.73204e-11,1.01184e-11
29119.1,3.84004e-11,8.60044e-12
29172.5,3.2432e-11,7.10994e-12
29207.1,4.28566e-11,9.61398e-12
29251,4.00989e-11,8.76374e-12
29291.6,3.79896e-11,8.53597e-12
29328.5,4.06161e-11,9.11138e-12
29372.1,4.64237e-11,1.04142e-11
29413.4,3.57793e-11,7.83171e-12
29451.6,6.81889e-11,1.49029e-11
29477.8,5.70629e-11,1.24521e-11
29516.9,3.41441e-11,7.64717e-12
29559.6,4.66112e-11,1.05072e-11
29597.4,5.52232e-11,1.13485e-11
29630.3,4.23095e-11,9.28967e-12
29668.4,5.24535e-11,1.14815e-11
29696.2,5.87045e-11,1.31479e-11
29735.7,3.42594e-11,7.49901e-12
29791.4,3.21383e-11,7.06732e-12
29827.3,5.42549e-11,1.21318e-11
29860.7,5.51727e-11,1.17974e-11
29899.4,3.78898e-11,8.31927e-12
29936.1,6.39348e-11,1.36509e-11
29971.8,3.25434e-11,7.32409e-12
30019.3,5.27261e-11,1.1559e-11
30055.1,3.80355e-11,8.56012e-12
30090.9,4.99306e-11,1.1219e-11
30130.4,4.15147e-11,8.72973e-12
30174.9,3.57951e-11,8.06897e-12
30223.6,3.28894e-11,7.3543e-12
30267.3,3.58983e-11,8.05304e-12
30319.5,3.09032e-11,6.9325e-12
30363.3,5.23578e-11,1.14606e-11
30401.2,4.25399e-11,9.34025e-12
30439.2,3.79073e-11,8.51748e-12
30494.4,2.49442e-11,5.59571e-12
30546.1,4.56859e-11,1.00155e-11
30575.7,5.44047e-11,1.21849e-11
30615.1,4.87987e-11,1.06488e-11
30650.3,5.31569e-11,1.11151e-11
30689.1,3.08525e-11,6.89882e-12
30738.5,3.42997e-11,7.53101e-12
30784.5,4.34753e-11,9.80027e-12
30815.9,5.74778e-11,1.26007e-11
30858.2,4.26194e-11,9.3433e-12
30890.6,4.04349e-11,9.10012e-12
30928.7,4.8297e-11,1.0588e-11
30970.9,4.45502e-11,9.55407e-12
31001.6,7.21474e-11,1.62372e-11
31036.4,4.03134e-11,9.07277e-12
31081.4,2.92935e-11,6.47175e-12
31157.7,3.8314e-11,6.17081e-12
34605.5,4.13913e-11,9.28161e-12
34680.9,3.76273e-11,8.46155e-12
34749.6,4.34009e-11,9.54795e-12
34809.5,4.28285e-11,9.64489e-12
34880.3,4.1802e-11,9.37369e-12
34946.1,4.47857e-11,1.00713e-11
35012.2,4.1559e-11,9.13035e-12
35075.9,4.30845e-11,9.70254e-12
35150.5,3.77863e-11,8.47321e-12
35226.8,2.6444e-11,5.93823e-12
35347.4,2.80444e-11,6.36078e-12
35421.9,4.51326e-11,9.94239e-12
35511.9,2.57584e-11,5.8423e-12
35589.1,4.50505e-11,1.01165e-11
35675.1,2.65045e-11,5.95181e-12
35773.6,3.79896e-11,8.32361e-12
35869.2,2.6271e-11,5.7952e-12
35948.9,4.35252e-11,9.51078e-12
36027.4,3.49049e-11,7.8271e-12
36093.9,4.80505e-11,1.08363e-11
36168.3,2.86654e-11,6.31479e-12
36281.4,2.68685e-11,6.08535e-12
36365,3.98309e-11,8.95708e-12
36481.9,2.10575e-11,4.76924e-12
36586,2.9402e-11,6.64964e-12
36662.5,3.45265e-11,7.84223e-12
36749.2,4.04419e-11,8.87291e-12
36813,4.40443e-11,9.91868e-12
36914.3,3.39656e-11,6.46457e-12
40308.9,2.528e-11,5.72063e-12
40355.6,4.26551e-11,9.33825e-12
40405.7,2.87091e-11,6.30554e-12
40467,2.50929e-11,5.6589e-12
40531.8,2.74405e-11,6.13588e-12
40592,3.01518e-11,6.63319e-12
40644.9,4.3362e-11,9.493e-12
40824.8,2.72581e-11,3.79992e-12
46078.5,3.4842e-11,7.82426e-12
46176.2,2.746e-11,6.16653e-12
46314,2.02006e-11,4.54119e-12
46437,1.67485e-11,3.76175e-12
46509.8,3.35332e-11,7.36414e-12
46568.6,1.60367e-11,3.6099e-12
46701,1.81415e-11,4.07865e-12
46807.5,3.18533e-11,7.14585e-12
46894.3,2.37382e-11,5.10627e-12
51956.2,1.84821e-11,4.14681e-12
52077.3,2.24796e-11,5.07481e-12
52224,2.64528e-11,5.96541e-12
52362.6,2.06704e-11,4.67136e-12
52560.3,1.90023e-11,3.49888e-12
57738.9,1.23532e-11,2.78117e-12
57860.3,1.26822e-11,2.8065e-12
58039.8,1.05286e-11,2.37291e-12
58215.2,9.96548e-12,2.25621e-12
58389.4,9.5842e-12,2.10269e-12
58545.7,1.38758e-11,3.12025e-12
58684.4,1.41396e-11,3.11214e-12
58809.8,1.53512e-11,3.45201e-12
58922.9,1.67279e-11,3.75736e-12
59021.9,1.64163e-11,3.68737e-12
59140.4,1.54344e-11,3.38617e-12
59267.8,1.14126e-11,2.57799e-12
59425.9,8.65142e-12,1.94341e-12
59524.3,1.14856e-11,2.58599e-12
59600.2,1.25344e-11,2.81566e-12
59668.1,1.76507e-11,3.86011e-12
59736.1,1.37189e-11,3.0782e-12
59825.5,1.27529e-11,2.87796e-12
59935.6,1.13461e-11,1.8384e-12
63656.8,6.99638e-12,1.50237e-12
63813.8,7.36439e-12,1.62441e-12
63907.5,1.43244e-11,3.22113e-12
63993.8,9.8634e-12,2.16861e-12
64111.3,9.431e-12,2.02725e-12
65467.4,1.13216e-11,2.48177e-12
65536.8,1.18025e-11,2.65168e-12
65658.9,9.6408e-12,1.53801e-12
75047.2,8.35668e-12,1.84702e-12
75189.9,1.42425e-11,3.19894e-12
75324.2,1.03484e-11,2.33211e-12
75557.7,6.19532e-12,1.41037e-12
75848.3,7.89921e-12,1.29734e-12
80808.8,8.28875e-12,1.86529e-12
81004.1,8.23005e-12,1.85472e-12
81212.6,7.08548e-12,1.59338e-12
81509.6,5.5663e-12,1.17001e-12
86533.1,8.49499e-12,1.91236e-12
86665.6,5.21689e-12,1.17838e-12
86867.6,5.94106e-12,1.32995e-12
87041.2,6.11732e-12,1.37402e-12
87183.2,7.33737e-12,1.65362e-12
87329.3,6.5e-12,1.46656e-12
87478.6,7.1535e-12,1.56937e-12
87635,7.54552e-12,1.65361e-12
87750.3,9.79835e-12,2.19835e-12
87859.2,7.15445e-12,1.6124e-12
88027.5,7.76533e-12,1.48051e-12
92255.2,5.3179e-12,1.19831e-12
92545.1,5.98684e-12,1.35e-12
92855.8,5.4185e-12,1.19431e-12
93113.6,1.01614e-11,2.28011e-12
93302.2,8.23182e-12,1.85362e-12
93524.8,9.21694e-12,2.06963e-12
93775.8,4.89299e-12,1.10257e-12
94126.2,7.4701e-12,1.33274e-12
98139.8,5.81329e-12,1.30356e-12
98343.8,9.17859e-12,2.05674e-12
98565.1,3.17784e-12,8.33829e-13
98831,7.11908e-12,1.59976e-12
99023.7,8.0386e-12,1.76721e-12
99218.8,6.36661e-12,1.33736e-12
99670,7.01838e-12,1.5398e-12
99858.2,8.46051e-12,1.9012e-12
100195,4.57151e-12,8.42554e-13
103919,3.78236e-12,8.51785e-13
104233,4.38444e-12,9.85969e-13
104467,5.40342e-12,1.21771e-12
104692,4.9922e-12,1.11946e-12
104909,4.67251e-12,1.04851e-12
105137,6.15652e-12,1.38251e-12
105330,3.83987e-12,9.98986e-13
105540,5.50385e-12,1.2051e-12
105778,5.37049e-12,1.20514e-12
106026,4.25975e-12,9.16429e-13
109709,4.71324e-12,1.06589e-12
109927,4.83114e-12,1.08715e-12
110243,3.72488e-12,8.63482e-13
110585,3.97225e-12,8.96406e-13
110901,3.40648e-12,8.65291e-13
111164,6.76886e-12,1.51676e-12
111402,4.17974e-12,9.39899e-13
111755,3.61501e-12,8.39267e-13
115658,2.03516e-12,5.32417e-13
116165,3.91515e-12,9.02657e-13
116567,4.31111e-12,9.70827e-13
116880,3.93277e-12,1.02614e-12
117260,3.08502e-12,7.8157e-13
121319,3.6435e-12,8.89821e-13
121784,4.61821e-12,9.91656e-13
126986,2.84136e-12,7.40618e-13
127232,4.4919e-12,1.01085e-12
127502,3.81601e-12,7.13837e-13
132708,3.89543e-12,8.79536e-13
132949,3.5438e-12,9.21331e-13
133261,2.83935e-12,5.82706e-13
138498,3.21626e-12,8.35368e-13
138702,4.31172e-12,9.72127e-13
138944,2.39442e-12,6.21383e-13
139306,2.55002e-12,6.65146e-13
139576,3.29053e-12,8.5466e-13
140077,1.95027e-12,3.70565e-13
196556,1.25001e-12,2.493e-13
219681,1.39634e-12,3.43313e-13
244989,1.27569e-12,2.31867e-13
274793,8.82504e-13,1.6749e-13
283240,1.0793e-12,2.6581e-13
288920,1.34308e-12,2.95414e-13
290236,1.48892e-12,3.66499e-13
304313,6.9316e-13,1.61884e-13
370335,5.18189e-13,1.32677e-13
381905,6.85733e-13,1.5031e-13
387590,6.27117e-13,1.46318e-13
459838,5.65261e-13,1.16574e-13
472832,4.49846e-13,8.84795e-14
599979,4.59994e-13,1.01476e-13
1.50661e+06,1.72918e-13,1.12063e-13
